sciname,id_no,spp_group,popn_category,iucn_subpop,spatial_source
Acanthopagrus latus,170263,SEABREAMS_PORGIES,DD,NA,iucn
Albula argentea,194298,BONEFISH_TARPONS,DD,NA,iucn
Albula oligolepis,194301,BONEFISH_TARPONS,DD,NA,iucn
Alticus saliens,48321187,COMBTOOTHBLENNIES,DD,NA,iucn
Anampses lineatus,187639,WRASSE,DD,NA,iucn
Anampses melanurus,187639,WRASSE,DD,NA,iucn
Andamia reyi,48342407,COMBTOOTHBLENNIES,DD,NA,iucn
Andamia tetradactylus,48342440,COMBTOOTHBLENNIES,DD,NA,iucn
Bodianus flavipinnis,187650,WRASSE,DD,NA,iucn
Bodianus izuensis,187721,WRASSE,DD,NA,iucn
Bodianus oxycephalus,187804,WRASSE,DD,NA,iucn
Bodianus speciosus,187493,WRASSE,DD,NA,iucn
Cephalopholis igarashiensis,132791,GROUPERS,DD,NA,iucn
Cephalopholis nigripinnis,132786,GROUPERS,DD,NA,iucn
Cephalopholis taeniops,132820,GROUPERS,DD,NA,iucn
Chaetodon bennetti,165686,BUTTERFLYFISH,DD,NA,iucn
Chaetodon ocellicaudus,165676,BUTTERFLYFISH,DD,NA,iucn
Chaetodon reticulatus,165713,BUTTERFLYFISH,DD,NA,iucn
Cheimerius nufar,170221,SEABREAMS_PORGIES,DD,NA,iucn
Choerodon gymnogenys,187471,WRASSE,DD,NA,iucn
Chromis flavicauda,155098,DAMSELFISH,DD,NA,iucn
Cirrhilabrus cyanopleura,187544,WRASSE,DD,NA,iucn
Cirrhilabrus exquisitus,187461,WRASSE,DD,NA,iucn
Cirrhilabrus solorensis,187484,WRASSE,DD,NA,iucn
Cirrhilabrus temminckii,187636,WRASSE,DD,NA,iucn
Cymatoceps nasutus,170204,SEABREAMS_PORGIES,VU,NA,iucn
Dentex canariensis,170192,SEABREAMS_PORGIES,LC,NA,iucn
Dermatolepis striolata,44672,GROUPERS,DD,NA,iucn
Diplodus cervinus,170272,SEABREAMS_PORGIES,LC,NA,iucn
Elops affinis,184047,BONEFISH_TARPONS,DD,NA,iucn
Elops hawaiensis,194307,BONEFISH_TARPONS,DD,NA,iucn
Elops senegalensis,194308,BONEFISH_TARPONS,DD,NA,iucn
Epinephelus albomarginatus,132800,GROUPERS,DD,NA,iucn
Epinephelus amblycephalus,132812,GROUPERS,DD,NA,iucn
Epinephelus awoara,61336,GROUPERS,DD,NA,iucn
Epinephelus caninus,132796,GROUPERS,DD,NA,iucn
Epinephelus chabaudi,195291,GROUPERS,DD,NA,iucn
Epinephelus corallicola,132763,GROUPERS,DD,NA,iucn
Epinephelus costae,132762,GROUPERS,DD,NA,iucn
Epinephelus erythrurus,132785,GROUPERS,DD,NA,iucn
Epinephelus fasciatomaculosus,132769,GROUPERS,DD,NA,iucn
Epinephelus heniochus,132798,GROUPERS,DD,NA,iucn
Epinephelus latifasciatus,132735,GROUPERS,DD,NA,iucn
Epinephelus magniscuttis,132784,GROUPERS,DD,NA,iucn
Epinephelus melanostigma,132746,GROUPERS,DD,NA,iucn
Epinephelus retouti,132794,GROUPERS,DD,NA,iucn
Epinephelus sexfasciatus,132780,GROUPERS,DD,NA,iucn
Epinephelus stoliczkae,132793,GROUPERS,DD,NA,iucn
Epinephelus summana,132728,GROUPERS,DD,NA,iucn
Epinephelus tauvina,132758,GROUPERS,DD,NA,iucn
Epinephelus undulatostriatus,64408,GROUPERS,DD,NA,iucn
Gracila albomarginata,132800,GROUPERS,DD,NA,iucn
Halichoeres aestuaricola,183529,WRASSE,DD,NA,iucn
Halichoeres brasiliensis,187732,WRASSE,DD,NA,iucn
Istiompax indica,170312,TUNAS_BILLFISHES,DD,NA,iucn
Lagocephalus gloveri,11150,PUFFERFISH,DD,NA,iucn
Larabicus quadrilineatus,187526,WRASSE,DD,NA,iucn
Megalops cyprinoides,166868,BONEFISH_TARPONS,DD,NA,iucn
Meiacanthus anema,196307,COMBTOOTHBLENNIES,DD,NA,iucn
Naso tuberosus,178003,SURGEONFISH_TANGS_UNICORNFISH,DD,NA,iucn
Omox biporos,196310,COMBTOOTHBLENNIES,DD,NA,iucn
Paracheilinus carpenteri,187514,WRASSE,DD,NA,iucn
Plectropomus punctatus,132801,GROUPERS,DD,NA,iucn
Polylepion cruentum,187725,WRASSE,DD,NA,iucn
Polysteganus coeruleopunctatus,170215,SEABREAMS_PORGIES,DD,NA,iucn
Prionurus scalprum,177952,SURGEONFISH_TANGS_UNICORNFISH,DD,NA,iucn
Pseudojuloides atavai,187586,WRASSE,DD,NA,iucn
Pseudojuloides cerasinus,187626,WRASSE,DD,NA,iucn
Pterothrissus belloci,194305,BONEFISH_TARPONS,DD,NA,iucn
Pterothrissus gissu,194306,BONEFISH_TARPONS,DD,NA,iucn
Rastrelliger brachysoma,170318,TUNAS_BILLFISHES,DD,NA,iucn
Rastrelliger faughni,170324,TUNAS_BILLFISHES,DD,NA,iucn
Rastrelliger kanagurta,170328,TUNAS_BILLFISHES,DD,NA,iucn
Saloptia powelli,132816,GROUPERS,DD,NA,iucn
Scarus coelestinus,190720,WRASSE,DD,NA,iucn
Scarus ovifrons,190743,WRASSE,DD,NA,iucn
Scomberomorus guttatus,170311,TUNAS_BILLFISHES,DD,NA,iucn
Scomberomorus niphonius,170356,TUNAS_BILLFISHES,DD,NA,iucn
Scomberomorus plurilineatus,170348,TUNAS_BILLFISHES,DD,NA,iucn
Scomberomorus sinensis,170346,TUNAS_BILLFISHES,DD,NA,iucn
Semicossyphus darwini,183327,WRASSE,DD,NA,iucn
Sparisoma axillare,190751,WRASSE,DD,NA,iucn
Sparisoma frondosum,190724,WRASSE,DD,NA,iucn
Suezichthys bifurcatus,154720,WRASSE,DD,NA,iucn
Tetrapturus angustirostris,170315,TUNAS_BILLFISHES,DD,NA,iucn
Tetrapturus georgii,170333,TUNAS_BILLFISHES,DD,NA,iucn
Thunnus tonggol,170351,TUNAS_BILLFISHES,DD,NA,iucn
Torquigener hicksi,193735,PUFFERFISH,DD,NA,iucn
Zebrasoma rostratum,178001,SURGEONFISH_TANGS_UNICORNFISH,DD,NA,iucn
Acanthurus polyzona,177984,SURGEONFISH_TANGS_UNICORNFISH,DD,NA,iucn
Amphichaetodon melbae,165727,BUTTERFLYFISH,DD,NA,iucn
Andamia heteroptera,48342209,COMBTOOTHBLENNIES,DD,NA,iucn
Bathyblennius antholops,185178,COMBTOOTHBLENNIES,DD,NA,iucn
Bodianus paraleucosticticus,187528,WRASSE,DD,NA,iucn
Bodianus rubrisos,187597,WRASSE,DD,NA,iucn
Bodianus sepiacaudus,187576,WRASSE,DD,NA,iucn
Bodianus thoracotaeniatus,187391,WRASSE,DD,NA,iucn
Calamus campechanus,170187,SEABREAMS_PORGIES,DD,NA,iucn
Cephalopholis aitha,132782,GROUPERS,DD,NA,iucn
Chaetodon andamanensis,165707,BUTTERFLYFISH,DD,NA,iucn
Cirrhilabrus balteatus,187596,WRASSE,DD,NA,iucn
Cirrhilabrus brunneus,187460,WRASSE,DD,NA,iucn
Cirrhilabrus joanallenae,187788,WRASSE,DD,NA,iucn
Cirrhilabrus rubrisquamis,187581,WRASSE,DD,NA,iucn
Cirrhilabrus tonozukai,187389,WRASSE,DD,NA,iucn
Coris nigrotaenia,187372,WRASSE,DD,NA,iucn
Dentex fourmanoiri,170227,SEABREAMS_PORGIES,DD,NA,iucn
Epinephelus bilobatus,132752,GROUPERS,DD,NA,iucn
Epinephelus bontoides,132813,GROUPERS,DD,NA,iucn
Epinephelus timorensis,64406,GROUPERS,DD,NA,iucn
Halichoeres signifer,187585,WRASSE,DD,NA,iucn
Hemigymnus sexfasciatus,187551,WRASSE,DD,NA,iucn
Iniistius trivittatus,187412,WRASSE,DD,NA,iucn
Leptojulis lambdastigma,187375,WRASSE,DD,NA,iucn
Meiacanthus limbatus,48342158,COMBTOOTHBLENNIES,DD,NA,iucn
Meiacanthus reticulatus,48342207,COMBTOOTHBLENNIES,DD,NA,iucn
Naso reticulatus,177954,SURGEONFISH_TANGS_UNICORNFISH,DD,NA,iucn
Oxycheilinus nigromarginatus,187577,WRASSE,DD,NA,iucn
Parablennius verryckeni,185145,COMBTOOTHBLENNIES,DD,NA,iucn
Pseudocheilinus dispilus,187666,WRASSE,DD,NA,iucn
Pseudocoris ocellata,187611,WRASSE,DD,NA,iucn
Scarus maculipinna,190735,WRASSE,DD,NA,iucn
Siphonognathus tanyourus,190684,WRASSE,DD,NA,iucn
Spaniblennius riodourensis,185131,COMBTOOTHBLENNIES,DD,NA,iucn
Stegastes otophorus,188471,DAMSELFISH,DD,NA,iucn
Takifugu pseudommus,193809,PUFFERFISH,DD,NA,iucn
Thalassoma loxum,187422,WRASSE,DD,NA,iucn
Torquigener balteus,193701,PUFFERFISH,DD,NA,iucn
Torquigener randalli,193689,PUFFERFISH,DD,NA,iucn
Neoglyphea inopinata,170068,LOBSTERS,DD,NA,iucn
Nephropides caribaeus,170060,LOBSTERS,DD,NA,iucn
Eunephrops bairdii,170085,LOBSTERS,DD,NA,iucn
Metanephrops formosanus,170039,LOBSTERS,DD,NA,iucn
Metanephrops japonicus,170003,LOBSTERS,DD,NA,iucn
Metanephrops japonicus,170036,LOBSTERS,DD,NA,iucn
Metanephrops thomsoni,170079,LOBSTERS,DD,NA,iucn
Jasus frontalis,169948,LOBSTERS,DD,NA,iucn
Palinustus mossambicus,170047,LOBSTERS,DD,NA,iucn
Panulirus stimpsoni,170041,LOBSTERS,DD,NA,iucn
Puerulus carinatus,170007,LOBSTERS,DD,NA,iucn
Scyllarides delfosi,170030,LOBSTERS,DD,NA,iucn
Parribacus holthuisi,169995,LOBSTERS,DD,NA,iucn
Parribacus japonicus,170013,LOBSTERS,DD,NA,iucn
Parribacus scarlatinus,170059,LOBSTERS,DD,NA,iucn
Eduarctus lewinsohni,184995,LOBSTERS,DD,NA,iucn
Palibythus magnificus,170033,LOBSTERS,DD,NA,iucn
Enoplometopus holthuisi,185024,LOBSTERS,DD,NA,iucn
Eunephrops manningi,169981,LOBSTERS,DD,NA,iucn
Acropora branchi,133334,CORALS_Part3,DD,NA,iucn
Porites colonensis,132945,CORALS_Part1,DD,NA,iucn
Indophyllia macassarensis,132941,CORALS_Part3,DD,NA,iucn
Micromussa diminuta,133268,CORALS_Part3,DD,NA,iucn
Mussismilia harttii,133527,CORALS_Part1,DD,NA,iucn
Fungia puishani,132902,CORALS_Part3,DD,NA,iucn
Acropora pruinosa,133128,CORALS_Part1,DD,NA,iucn
Podabacia sinai,133344,CORALS_Part1,DD,NA,iucn
Simplastrea vesicularis,133004,CORALS_Part1,DD,NA,iucn
Acropora fenneri,133125,CORALS_Part1,DD,NA,iucn
Acropora gomezi,133352,CORALS_Part1,DD,NA,iucn
Acropora halmaherae,133311,CORALS_Part3,DD,NA,iucn
Acropora minuta,133018,CORALS_Part1,DD,NA,iucn
Acropora ocellata,133000,CORALS_Part1,DD,NA,iucn
Holothuria arenicola,180437,SEACUCUMBERS,DD,NA,iucn
Pseudostichopus mollis,180381,SEACUCUMBERS,DD,NA,iucn
Bathyplotes moseleyi,180515,SEACUCUMBERS,DD,NA,iucn
Actinopyga lecanora,180266,SEACUCUMBERS,DD,NA,iucn
Hydrophis czeblukovi,176730,REPTILES,DD,NA,iucn
Hydrophis czeblukovi,176730,SEASNAKES,DD,NA,iucn
Montipora verrilli,133305,CORALS_Part3,DD,NA,iucn
Acropora seriata,132886,CORALS_Part1,DD,NA,iucn
Acropora convexa,133379,CORALS_Part3,DD,NA,iucn
Acropora lianae,132946,CORALS_Part3,DD,NA,iucn
Mesoplodon traversii,41760,MARINE_MAMMALS,DD,NA,iucn
Actinopyga caerulea,180530,SEACUCUMBERS,DD,NA,iucn
Acropora efflorescens,133672,CORALS_Part1,DD,NA,iucn
Acropora macrostoma,132950,CORALS_Part3,DD,NA,iucn
Enoplometopus gracilipes,185005,LOBSTERS,DD,NA,iucn
Galearctus rapanus,184986,LOBSTERS,DD,NA,iucn
Nupalirus vericeli,185025,LOBSTERS,DD,NA,iucn
Isostichopus macroparentheses,180313,SEACUCUMBERS,DD,NA,iucn
Willemoesia pacifica,185082,LOBSTERS,DD,NA,iucn
Holothuria coronopertusa,180218,SEACUCUMBERS,DD,NA,iucn
Acropora bifurcata,133658,CORALS_Part3,DD,NA,iucn
Acropora exquisita,133592,CORALS_Part3,DD,NA,iucn
Acropora irregularis,132906,CORALS_Part1,DD,NA,iucn
Acropora mirabilis,133483,CORALS_Part1,DD,NA,iucn
Acropora plantaginea,133122,CORALS_Part3,DD,NA,iucn
Acropora prostrata,132863,CORALS_Part3,DD,NA,iucn
Acropora rosaria,132908,CORALS_Part1,DD,NA,iucn
Acropora teres,133393,CORALS_Part3,DD,NA,iucn
Agaricia undata,133100,CORALS_Part1,DD,NA,iucn
Balaenoptera bonaerensis,2480,MARINE_MAMMALS,DD,NA,iucn
Balaenoptera brydei,2476,MARINE_MAMMALS,DD,NA,iucn
Balaenoptera edeni,2476,MARINE_MAMMALS,DD,NA,iucn
Berardius arnuxii,2762,MARINE_MAMMALS,DD,NA,iucn
Berardius bairdii,2763,MARINE_MAMMALS,DD,NA,iucn
Bohadschia marmorata,180411,SEACUCUMBERS,DD,NA,iucn
Bohadschia similis,180386,SEACUCUMBERS,DD,NA,iucn
Bohadschia vitiensis,180352,SEACUCUMBERS,DD,NA,iucn
Caperea marginata,3778,MARINE_MAMMALS,DD,NA,iucn
Cephalorhynchus commersonii,4159,MARINE_MAMMALS,DD,NA,iucn
Cephalorhynchus heavisidii,4161,MARINE_MAMMALS,DD,NA,iucn
Delphinus capensis,6337,MARINE_MAMMALS,DD,NA,iucn
Enoplometopus crosnieri,185051,LOBSTERS,DD,NA,iucn
Feresa attenuata,8551,MARINE_MAMMALS,DD,NA,iucn
Galearctus umbilicatus,184988,LOBSTERS,DD,NA,iucn
Globicephala macrorhynchus,9249,MARINE_MAMMALS,DD,NA,iucn
Globicephala melas,9250,MARINE_MAMMALS,DD,NA,iucn_parent
Histriophoca fasciata,41670,MARINE_MAMMALS,DD,NA,iucn
Holothuria impatiens,180512,SEACUCUMBERS,DD,NA,iucn
Ibacus ciliatus,170081,LOBSTERS,DD,NA,iucn
Ibacus ciliatus,185002,LOBSTERS,DD,NA,iucn
Ibacus pubescens,185002,LOBSTERS,DD,NA,iucn
Indopacetus pacificus,40635,MARINE_MAMMALS,DD,NA,iucn
Justitia mauritiana,170097,LOBSTERS,DD,NA,iucn
Kogia sima,11048,MARINE_MAMMALS,DD,NA,iucn
Lagenorhynchus australis,11143,MARINE_MAMMALS,DD,NA,iucn
Lagenorhynchus obscurus,11146,MARINE_MAMMALS,DD,NA,iucn
Madracis asperula,133476,CORALS_Part1,DD,NA,iucn
Mesoplodon bidens,13241,MARINE_MAMMALS,DD,NA,iucn
Mesoplodon carlhubbsi,13243,MARINE_MAMMALS,DD,NA,iucn
Mesoplodon europaeus,13245,MARINE_MAMMALS,DD,NA,iucn
Mesoplodon ginkgodens,13246,MARINE_MAMMALS,DD,NA,iucn
Mesoplodon grayi,13247,MARINE_MAMMALS,DD,NA,iucn
Mesoplodon hectori,13248,MARINE_MAMMALS,DD,NA,iucn
Mesoplodon layardii,13249,MARINE_MAMMALS,DD,NA,iucn
Mesoplodon mirus,13250,MARINE_MAMMALS,DD,NA,iucn
Mesoplodon peruvianus,13251,MARINE_MAMMALS,DD,NA,iucn
Mesoplodon stejnegeri,13252,MARINE_MAMMALS,DD,NA,iucn
Mussismilia hispida,133184,CORALS_Part1,DD,NA,iucn
Mycetophyllia reesi,133037,CORALS_Part1,DD,NA,iucn
Nephropsis serrata,185065,LOBSTERS,DD,NA,iucn
Oculina valenciennesi,133444,CORALS_Part1,DD,NA,iucn
Odobenus rosmarus,15106,MARINE_MAMMALS,DD,NA,iucn
Otaria flavescens,41665,MARINE_MAMMALS,LC,NA,iucn
Panulirus argus,169976,LOBSTERS,DD,NA,iucn
Panulirus gracilis,170061,LOBSTERS,DD,NA,iucn
Panulirus japonicus,170006,LOBSTERS,DD,NA,iucn
Panulirus laevicauda,170014,LOBSTERS,DD,NA,iucn
Panulirus regius,170094,LOBSTERS,DD,NA,iucn
Phocoena dioptrica,41715,MARINE_MAMMALS,DD,NA,iucn
Phocoena spinipinnis,17029,MARINE_MAMMALS,DD,NA,iucn
Pseudorca crassidens,18596,MARINE_MAMMALS,DD,NA,iucn
Scyllarides herklotsii,170028,LOBSTERS,DD,NA,iucn
Scyllarus arctus,185095,LOBSTERS,DD,NA,iucn
Siderastrea stellata,132915,CORALS_Part1,DD,NA,iucn
Stenella clymene,20730,MARINE_MAMMALS,DD,NA,iucn
Stenella frontalis,20732,MARINE_MAMMALS,DD,NA,iucn
Stenella longirostris,20733,MARINE_MAMMALS,DD,NA,iucn_parent
Stichopus horrens,180488,SEACUCUMBERS,DD,NA,iucn
Stichopus variegatus,180488,SEACUCUMBERS,DD,NA,iucn
Tasmacetus shepherdi,21500,MARINE_MAMMALS,DD,NA,iucn
Thelenota anax,180324,SEACUCUMBERS,DD,NA,iucn
Tursiops aduncus,41714,MARINE_MAMMALS,DD,NA,iucn
Mesoplodon perrini,41759,MARINE_MAMMALS,DD,NA,iucn
Thalassoma ascensionis,21689,WRASSE,DD,NA,iucn
Epinephelus faveatus,132760,GROUPERS,DD,NA,iucn
Abudefduf hoefleri,188621,DAMSELFISH,DD,NA,iucn
Chromis bicolor,188621,DAMSELFISH,DD,NA,iucn
Gliphydodon hoefleri,188621,DAMSELFISH,DD,NA,iucn
Glyphidodon hoefleri,188621,DAMSELFISH,DD,NA,iucn
Acantharctus delfini,185010,LOBSTERS,DD,NA,iucn
Scyllarus delfini,185010,LOBSTERS,DD,NA,iucn
Acantharctus posteli,185059,LOBSTERS,DD,NA,iucn
Scyllarus posteli,185059,LOBSTERS,DD,NA,iucn
Acanthopagrus akazakii,170230,SEABREAMS_PORGIES,DD,NA,iucn
Acanthopagrus catenula,47136868,SEABREAMS_PORGIES,DD,NA,iucn
Labrus catenula,47136868,SEABREAMS_PORGIES,DD,NA,iucn
Mylio latus,170263,SEABREAMS_PORGIES,DD,NA,iucn
Sparus latus,170263,SEABREAMS_PORGIES,DD,NA,iucn
Acanthopagrus longispinnis,170217,SEABREAMS_PORGIES,DD,NA,iucn
Chrysophrys longispinnis,170217,SEABREAMS_PORGIES,DD,NA,iucn
Sparus longispinnis,170217,SEABREAMS_PORGIES,DD,NA,iucn
Acanthopagrus omanensis,170228,SEABREAMS_PORGIES,DD,NA,iucn
Acanthopagrus randalli,170188,SEABREAMS_PORGIES,DD,NA,iucn
Acanthopagrus taiwanensis,170235,SEABREAMS_PORGIES,DD,NA,iucn
Acanthurus triostegus polyzona,177984,SURGEONFISH_TANGS_UNICORNFISH,DD,NA,iucn
Rhombotides polyzona,177984,SURGEONFISH_TANGS_UNICORNFISH,DD,NA,iucn
Acanthurus rostratus,178001,SURGEONFISH_TANGS_UNICORNFISH,DD,NA,iucn
Acropora cardenae,133264,CORALS_Part3,DD,NA,iucn
Acropora elegantula,133104,CORALS_Part3,DD,NA,iucn
Acropora filiformis,133699,CORALS_Part1,DD,NA,iucn
Acropora forskali,133204,CORALS_Part1,DD,NA,iucn
Acropora lamarcki,133086,CORALS_Part3,DD,NA,iucn
Acropora massawensis,133677,CORALS_Part1,DD,NA,iucn
Acropora meridiana,133189,CORALS_Part3,DD,NA,iucn
Acropora orbicularis,133265,CORALS_Part3,DD,NA,iucn
Acropora pagoensis,133475,CORALS_Part1,DD,NA,iucn
Acropora parahemprichii,133385,CORALS_Part3,DD,NA,iucn
Acropora parapharaonis,133138,CORALS_Part3,DD,NA,iucn
Acropora pinguis,133103,CORALS_Part3,DD,NA,iucn
Acropora proximalis,133598,CORALS_Part1,DD,NA,iucn
Acropora rongelapensis,133462,CORALS_Part3,DD,NA,iucn
Acropora scherzeriana,133355,CORALS_Part3,DD,NA,iucn
Acropora stoddarti,132919,CORALS_Part3,DD,NA,iucn
Acropora tanegashimensis,132934,CORALS_Part3,DD,NA,iucn
Acropora tizardi,133061,CORALS_Part1,DD,NA,iucn
Acropora torresiana,133681,CORALS_Part3,DD,NA,iucn
Acropora tumida,132971,CORALS_Part1,DD,NA,iucn
Acropora tutuilensis,133030,CORALS_Part3,DD,NA,iucn
Acropora wallaceae,133518,CORALS_Part3,DD,NA,iucn
Actinopyga albonigra,180390,SEACUCUMBERS,DD,NA,iucn
Actinopyga bacilla,180241,SEACUCUMBERS,DD,NA,iucn
Actinopyga bannwarthi,180510,SEACUCUMBERS,DD,NA,iucn
Actinopyga capillata,180474,SEACUCUMBERS,DD,NA,iucn
Actinopyga fusca,180314,SEACUCUMBERS,DD,NA,iucn
Actinopyga obesa,180338,SEACUCUMBERS,DD,NA,iucn
Actinopyga serratidens,180357,SEACUCUMBERS,DD,NA,iucn
Actinopyga varians,19708732,SEACUCUMBERS,DD,NA,iucn
Adelotremus leptus,47400952,COMBTOOTHBLENNIES,DD,NA,iucn
Aethaloperca rogaa,132814,GROUPERS,DD,NA,iucn
Aetheloperca rogaa,132814,GROUPERS,DD,NA,iucn
Athaloperca rogae,132814,GROUPERS,DD,NA,iucn
Perca lunaria,132814,GROUPERS,DD,NA,iucn
Perca rogaa,132814,GROUPERS,DD,NA,iucn
Cephalopholis albomarginatus,132800,GROUPERS,DD,NA,iucn
Gracilia albomarginata,132800,GROUPERS,DD,NA,iucn
Aglaia cucullata,34364,MANGROVES,DD,NA,iucn
Aipysurus tenuis,176760,REPTILES,DD,NA,iucn
Aipysurus tenuis,176760,SEASNAKES,DD,NA,iucn
Albula erythrocheilos,194298,BONEFISH_TARPONS,DD,NA,iucn
Albula forsteri,194298,BONEFISH_TARPONS,DD,NA,iucn
Albula neoguinaica,194298,BONEFISH_TARPONS,DD,NA,iucn
Esox argenteus,194298,BONEFISH_TARPONS,DD,NA,iucn
Synodus argenteus,194298,BONEFISH_TARPONS,DD,NA,iucn
Albula koreana,199659,BONEFISH_TARPONS,DD,NA,iucn
Albula nemoptera,190357,BONEFISH_TARPONS,DD,NA,iucn
Dixonina nemoptera,190357,BONEFISH_TARPONS,DD,NA,iucn
Albula virgata,194302,BONEFISH_TARPONS,DD,NA,iucn
Alloblennius frondiculus,47401609,COMBTOOTHBLENNIES,DD,NA,iucn
Allopatides corrugatus,19712515,SEACUCUMBERS,DD,NA,iucn
Allopatides dendroeides,19712597,SEACUCUMBERS,DD,NA,iucn
Alticus saltatorius,48321187,COMBTOOTHBLENNIES,DD,NA,iucn
Blennius saliens,48321187,COMBTOOTHBLENNIES,DD,NA,iucn
Amphigymnas multipes,19712826,SEACUCUMBERS,DD,NA,iucn
Anampses rubroviridis,187811,WRASSE,DD,NA,iucn
Anampses viridis,187811,WRASSE,DD,NA,iucn
Andamia cyclocheilus,48342196,COMBTOOTHBLENNIES,DD,NA,iucn
Andamia expansa,48342419,COMBTOOTHBLENNIES,DD,NA,iucn
Salarias heteropterus,48342209,COMBTOOTHBLENNIES,DD,NA,iucn
Salarias reyi,48342407,COMBTOOTHBLENNIES,DD,NA,iucn
Salarias tetradactylus,48342440,COMBTOOTHBLENNIES,DD,NA,iucn
Anguis mamillaris,176724,REPTILES,DD,NA,iucn
Anguis mamillaris,176724,SEASNAKES,DD,NA,iucn
Aturia mamillaris,176724,REPTILES,DD,NA,iucn
Aturia mamillaris,176724,SEASNAKES,DD,NA,iucn
Chitulia mamillaris,176724,REPTILES,DD,NA,iucn
Chitulia mamillaris,176724,SEASNAKES,DD,NA,iucn
Hydrophis mamillaris,176724,REPTILES,DD,NA,iucn
Hydrophis mamillaris,176724,SEASNAKES,DD,NA,iucn
Leioselasma mamillaris,176724,REPTILES,DD,NA,iucn
Leioselasma mamillaris,176724,SEASNAKES,DD,NA,iucn
Salarias sexfasciatus,48342487,COMBTOOTHBLENNIES,DD,NA,iucn
Antennablennius velifer,48342253,COMBTOOTHBLENNIES,DD,NA,iucn
Apolemichthys guezei,165869,ANGELFISH,DD,NA,iucn
Holacanthus guezei,165869,ANGELFISH,DD,NA,iucn
Apostichopus johnsoni,19711761,SEACUCUMBERS,DD,NA,iucn
Apostichopus multidentis,19711938,SEACUCUMBERS,DD,NA,iucn
Apostichopus nigripunctatus,19712189,SEACUCUMBERS,DD,NA,iucn
Apostichopus nipponensis,19712304,SEACUCUMBERS,DD,NA,iucn
Argiodia maculata,19708753,SEACUCUMBERS,DD,NA,iucn
Argyrops megalommatus,170219,SEABREAMS_PORGIES,DD,NA,iucn
Pagrus megalommatus,170219,SEABREAMS_PORGIES,DD,NA,iucn
Arothron carduus,193613,PUFFERFISH,DD,NA,iucn
Tetrodon carduus,193613,PUFFERFISH,DD,NA,iucn
Arothron leopardus,193746,PUFFERFISH,DD,NA,iucn
Tetrodon leopardus,193746,PUFFERFISH,DD,NA,iucn
Astreopora eliptica,133214,CORALS_Part3,DD,NA,iucn
Aturia belcheri,176751,REPTILES,DD,NA,iucn
Aturia belcheri,176751,SEASNAKES,DD,NA,iucn
Chitulia belcheri,176751,REPTILES,DD,NA,iucn
Chitulia belcheri,176751,SEASNAKES,DD,NA,iucn
Distira belcheri,176751,REPTILES,DD,NA,iucn
Distira belcheri,176751,SEASNAKES,DD,NA,iucn
Hydrophis belcheri,176751,REPTILES,DD,NA,iucn
Hydrophis belcheri,176751,SEASNAKES,DD,NA,iucn
Aturia bituberculata,176728,REPTILES,DD,NA,iucn
Aturia bituberculata,176728,SEASNAKES,DD,NA,iucn
Chitulia bituberculata,176728,REPTILES,DD,NA,iucn
Chitulia bituberculata,176728,SEASNAKES,DD,NA,iucn
Distira bituberculatus,176728,REPTILES,DD,NA,iucn
Distira bituberculatus,176728,SEASNAKES,DD,NA,iucn
Hydrophis bituberculatus,176728,REPTILES,DD,NA,iucn
Hydrophis bituberculatus,176728,SEASNAKES,DD,NA,iucn
Lioselasma bituberculatus,176728,REPTILES,DD,NA,iucn
Lioselasma bituberculatus,176728,SEASNAKES,DD,NA,iucn
Aturia stricticollis,176733,REPTILES,DD,NA,iucn
Aturia stricticollis,176733,SEASNAKES,DD,NA,iucn
Chitulia stricticollis,176733,REPTILES,DD,NA,iucn
Chitulia stricticollis,176733,SEASNAKES,DD,NA,iucn
Hydrophis stricticollis,176733,REPTILES,DD,NA,iucn
Hydrophis stricticollis,176733,SEASNAKES,DD,NA,iucn
Australophocaena dioptrica,41715,MARINE_MAMMALS,DD,NA,iucn
Balaenoptera omurai,136623,MARINE_MAMMALS,DD,NA,iucn
Bathyarctus formosanus,185045,LOBSTERS,DD,NA,iucn
Bathyarctus ramosae,185013,LOBSTERS,DD,NA,iucn
Bathyarctus steatopygus,184987,LOBSTERS,DD,NA,iucn
Blennius antholops,185178,COMBTOOTHBLENNIES,DD,NA,iucn
Bathyplotes baculosus,19715239,SEACUCUMBERS,DD,NA,iucn
Bathyplotes bigelowi,19715267,SEACUCUMBERS,DD,NA,iucn
Bathyplotes bongraini,180346,SEACUCUMBERS,DD,NA,iucn
Bathyplotes cinctus,19715433,SEACUCUMBERS,DD,NA,iucn
Bathyplotes crenulata,19715512,SEACUCUMBERS,DD,NA,iucn
Bathyplotes gourdoni,180336,SEACUCUMBERS,DD,NA,iucn
Bathyplotes imperfectus,180287,SEACUCUMBERS,DD,NA,iucn
Bathyplotes phlegmaticus,19715689,SEACUCUMBERS,DD,NA,iucn
Bathyplotes punctatus,180256,SEACUCUMBERS,DD,NA,iucn
Bathyplotes roseus,19715765,SEACUCUMBERS,DD,NA,iucn
Bathyplotes rubicundus,19716054,SEACUCUMBERS,DD,NA,iucn
Bathyplotes spuma,180464,SEACUCUMBERS,DD,NA,iucn
Bathyplotes sulcatus,180306,SEACUCUMBERS,DD,NA,iucn
Bathyplotes tizardi,180312,SEACUCUMBERS,DD,NA,iucn
Paelopatides gelatinosus,19743004,SEACUCUMBERS,DD,NA,iucn
Benthothuria distorta,19717334,SEACUCUMBERS,DD,NA,iucn
Benthothuria fusiformis,19717382,SEACUCUMBERS,DD,NA,iucn
Biarctus dubius,184994,LOBSTERS,DD,NA,iucn
Scyllarus dubius,184994,LOBSTERS,DD,NA,iucn
Blennius riodourensis,185131,COMBTOOTHBLENNIES,DD,NA,iucn
Blennius verryckeni,185145,COMBTOOTHBLENNIES,DD,NA,iucn
Bodianus iagonensis,187493,WRASSE,DD,NA,iucn
Bodianus tredecimspinosus,187493,WRASSE,DD,NA,iucn
Cossyphus tredecimspinosus,187493,WRASSE,DD,NA,iucn
Diastodon speciosus,187493,WRASSE,DD,NA,iucn
Labrus iagonensis,187493,WRASSE,DD,NA,iucn
Bodianus maculatus,132820,GROUPERS,DD,NA,iucn
Bodianus taeniops,132820,GROUPERS,DD,NA,iucn
Epinephelus taeniops,132820,GROUPERS,DD,NA,iucn
Serranus taeniops,132820,GROUPERS,DD,NA,iucn
Bodianus neopercularis,187445,WRASSE,DD,NA,iucn
Cossyphus oxycephalus,187804,WRASSE,DD,NA,iucn
Bodianus pacificus,187700,WRASSE,DD,NA,iucn
Decodon pacificus,187700,WRASSE,DD,NA,iucn
Verreo pacificus,187700,WRASSE,DD,NA,iucn
Bodianus solatus,187509,WRASSE,DD,NA,iucn
Bodianus tanyokidus,187374,WRASSE,DD,NA,iucn
Bohadschia atra,180355,SEACUCUMBERS,DD,NA,iucn
Bohadschia koellikeri,180216,SEACUCUMBERS,DD,NA,iucn
Bohadschia mitsioensis,180303,SEACUCUMBERS,DD,NA,iucn
Bohadschia paradoxa,180323,SEACUCUMBERS,DD,NA,iucn
Bohadschia steinitzi,180372,SEACUCUMBERS,DD,NA,iucn
Bohadschia subrubra,180511,SEACUCUMBERS,DD,NA,iucn
Bohadschia tenuissima,180274,SEACUCUMBERS,DD,NA,iucn
Boninastrea boninensis,132965,CORALS_Part1,DD,NA,iucn
Boops lineatus,170171,SEABREAMS_PORGIES,DD,NA,iucn
Box lineatus,170171,SEABREAMS_PORGIES,DD,NA,iucn
Brisbania staigeri,166868,BONEFISH_TARPONS,DD,NA,iucn
Clupea cyprinoides,166868,BONEFISH_TARPONS,DD,NA,iucn
Clupea thrissoides,166868,BONEFISH_TARPONS,DD,NA,iucn
Cyprinodon cundinga,166868,BONEFISH_TARPONS,DD,NA,iucn
Megalops curtifilis,166868,BONEFISH_TARPONS,DD,NA,iucn
Megalops filamentosus,166868,BONEFISH_TARPONS,DD,NA,iucn
Megalops indicus,166868,BONEFISH_TARPONS,DD,NA,iucn
Megalops kundinga,166868,BONEFISH_TARPONS,DD,NA,iucn
Megalops macrophthalmus,166868,BONEFISH_TARPONS,DD,NA,iucn
Megalops macropterus,166868,BONEFISH_TARPONS,DD,NA,iucn
Megalops oligolepis,166868,BONEFISH_TARPONS,DD,NA,iucn
Megalops setipinnis,166868,BONEFISH_TARPONS,DD,NA,iucn
Brownlowia argentata,178848,MANGROVES,DD,NA,iucn
Calathiscus tantillus,132861,CORALS_Part1,DD,NA,iucn
Homarinus capensis,169982,LOBSTERS,DD,NA,iucn
Homarus capensis,169982,LOBSTERS,DD,NA,iucn
Cantharus blochii,170210,SEABREAMS_PORGIES,LC,NA,iucn
Cantharus castelnau,170210,SEABREAMS_PORGIES,LC,NA,iucn
Cantharus castelnaui,170210,SEABREAMS_PORGIES,LC,NA,iucn
Caranthus blochii,170210,SEABREAMS_PORGIES,LC,NA,iucn
Pachymetopon blochii,170210,SEABREAMS_PORGIES,LC,NA,iucn
Pachymetopon canescens,170210,SEABREAMS_PORGIES,LC,NA,iucn
Canthigaster criobe,47407760,PUFFERFISH,DD,NA,iucn
Canthigaster flavoreticulata,193601,PUFFERFISH,DD,NA,iucn
Canthigaster investigatoris,193702,PUFFERFISH,DD,NA,iucn
Tropidichthys investigatoris,193702,PUFFERFISH,DD,NA,iucn
Canthigaster punctata,193780,PUFFERFISH,DD,NA,iucn
Cantoria annulata,176691,REPTILES,DD,NA,iucn
Cantoria annulata,176691,SEASNAKES,DD,NA,iucn
Cephalopholis igarasiensis,132791,GROUPERS,DD,NA,iucn
Cephalopholis swanius,132791,GROUPERS,DD,NA,iucn
Epinephelus erythraeus,132786,GROUPERS,DD,NA,iucn
Epinephelus nigripinnis,132786,GROUPERS,DD,NA,iucn
Epinephelus playfairi,132786,GROUPERS,DD,NA,iucn
Perca urodeta,132786,GROUPERS,DD,NA,iucn
Serranus erythraeus,132786,GROUPERS,DD,NA,iucn
Serranus mauritiae,132786,GROUPERS,DD,NA,iucn
Serranus nigripinnis,132786,GROUPERS,DD,NA,iucn
Cephalopholis tauvina,132758,GROUPERS,DD,NA,iucn
Epinephalus tauvina,132758,GROUPERS,DD,NA,iucn
Epinephelus chewa,132758,GROUPERS,DD,NA,iucn
Epinephelus elongatus,132758,GROUPERS,DD,NA,iucn
Epinephelus megachir,132758,GROUPERS,DD,NA,iucn
Epinephelus salmoides,132758,GROUPERS,DD,NA,iucn
Holocentrus pantherinus,132758,GROUPERS,DD,NA,iucn
Perca tauvina,132758,GROUPERS,DD,NA,iucn
Serranus jansenii,132758,GROUPERS,DD,NA,iucn
Serranus pantherinus,132758,GROUPERS,DD,NA,iucn
Cerna canina,132796,GROUPERS,DD,NA,iucn
Serranus caninus,132796,GROUPERS,DD,NA,iucn
Cerna catalonica,132762,GROUPERS,DD,NA,iucn
Cerna chrysotaenia,132762,GROUPERS,DD,NA,iucn
Epinephelus alexandrinus,132762,GROUPERS,DD,NA,iucn
Epinephelus chrysotaenia,132762,GROUPERS,DD,NA,iucn
Epinephelus zaslavskii,132762,GROUPERS,DD,NA,iucn
Plectropoma fasciatus,132762,GROUPERS,DD,NA,iucn
Serranus costae,132762,GROUPERS,DD,NA,iucn
Cerna sicana,132828,GROUPERS,DD,NA,iucn
Epinephelus haifensis,132828,GROUPERS,DD,NA,iucn
Holocentrus merou,132828,GROUPERS,DD,NA,iucn
Perca gigas,132828,GROUPERS,DD,NA,iucn
Chaetodon benetti,165686,BUTTERFLYFISH,DD,NA,iucn
Chaetodon binetti,165686,BUTTERFLYFISH,DD,NA,iucn
Chaetodon vinctus,165686,BUTTERFLYFISH,DD,NA,iucn
Chaetodon guezei,165644,BUTTERFLYFISH,DD,NA,iucn
Prognathodes guezei,165644,BUTTERFLYFISH,DD,NA,iucn
Chaetodon guyotensis,165645,BUTTERFLYFISH,DD,NA,iucn
Prognathodes guyotensis,165645,BUTTERFLYFISH,DD,NA,iucn
Chaetodon obliquus,4363,BUTTERFLYFISH,DD,NA,iucn
Prognathodes obliquus,4363,BUTTERFLYFISH,DD,NA,iucn
Chaetodon superbus,165713,BUTTERFLYFISH,DD,NA,iucn
Chaetodontoplus caeruleopunctatus,165894,ANGELFISH,DD,NA,iucn
Chasmodes maculipinna,183551,COMBTOOTHBLENNIES,DD,NA,iucn
Hypsoblennius maculipinna,183551,COMBTOOTHBLENNIES,DD,NA,iucn
Cheilinoides cyanopleura,187544,WRASSE,DD,NA,iucn
Cirrhilabrus cyanopleurus,187544,WRASSE,DD,NA,iucn
Cirrhilabrus heterodon,187544,WRASSE,DD,NA,iucn
Cirrhilabrus lyukyuensis,187544,WRASSE,DD,NA,iucn
Cirrhilabrus ryukyuensis,187544,WRASSE,DD,NA,iucn
Cirrilabrus cyanopleurus,187544,WRASSE,DD,NA,iucn
Cheimerus nufar,170221,SEABREAMS_PORGIES,DD,NA,iucn
Dentex albus,170221,SEABREAMS_PORGIES,DD,NA,iucn
Dentex miles,170221,SEABREAMS_PORGIES,DD,NA,iucn
Dentex nufar,170221,SEABREAMS_PORGIES,DD,NA,iucn
Chelarctus crosnieri,185078,LOBSTERS,DD,NA,iucn
Chelonodon dapsilis,193600,PUFFERFISH,DD,NA,iucn
Chitulia laboutei,176758,REPTILES,DD,NA,iucn
Chitulia laboutei,176758,SEASNAKES,DD,NA,iucn
Hydrophis laboutei,176758,REPTILES,DD,NA,iucn
Hydrophis laboutei,176758,SEASNAKES,DD,NA,iucn
Chitulia torquata,176723,REPTILES,DD,NA,iucn
Chitulia torquata,176723,SEASNAKES,DD,NA,iucn
Hydrophis torquatus,176723,REPTILES,DD,NA,iucn
Hydrophis torquatus,176723,SEASNAKES,DD,NA,iucn
Peaolopesia gymnogenys,187471,WRASSE,DD,NA,iucn
Peaolopesia matthaei,187471,WRASSE,DD,NA,iucn
Xiphochilus gymnogenys,187471,WRASSE,DD,NA,iucn
Choerodon paynei,187593,WRASSE,DD,NA,iucn
Chromis bermudae,155098,DAMSELFISH,DD,NA,iucn
Heliastes flavicauda,155098,DAMSELFISH,DD,NA,iucn
Chrysophrys nasutus,170204,SEABREAMS_PORGIES,VU,NA,iucn
Pagrus nigripinnis,170204,SEABREAMS_PORGIES,VU,NA,iucn
Cirrhilabrichthys filamentosus,187717,WRASSE,DD,NA,iucn
Cirrhilabrus filamentosus,187717,WRASSE,DD,NA,iucn
Cirrhilabrus exquistius,187461,WRASSE,DD,NA,iucn
Cirrhilabrus rhomboidalis,154868,WRASSE,DD,NA,iucn
Cirrhilabrus temminki,187636,WRASSE,DD,NA,iucn
Cirrhillabrus temminckii,187636,WRASSE,DD,NA,iucn
Clepticus africanus,187579,WRASSE,DD,NA,iucn
Conus aculeiformis,192673,CONESNAILS,DD,NA,iucn
Conus delicatus,192673,CONESNAILS,DD,NA,iucn
Conus alabaster,192375,CONESNAILS,DD,NA,iucn
Conus splendidulus,192459,CONESNAILS,DD,NA,iucn
Conus andamanensis,192360,CONESNAILS,DD,NA,iucn
Conus angioiorum,192466,CONESNAILS,DD,NA,iucn
Conus auratinus,192432,CONESNAILS,DD,NA,iucn
Conus austroviola,192617,CONESNAILS,DD,NA,iucn
Conus bellocqae,15307973,CONESNAILS,DD,NA,iucn
Conus bellulus,192717,CONESNAILS,DD,NA,iucn
Conus biancae,192257,CONESNAILS,DD,NA,iucn
Conus blanfordianus,192265,CONESNAILS,DD,NA,iucn
Conus bondarevi,192253,CONESNAILS,DD,NA,iucn
Conus bonfiglioli,192731,CONESNAILS,DD,NA,iucn
Conus broderipii,192833,CONESNAILS,DD,NA,iucn
Conus capreolus,192264,CONESNAILS,DD,NA,iucn
Conus chiapponorum,192569,CONESNAILS,DD,NA,iucn
Conus ciderryi,192800,CONESNAILS,DD,NA,iucn
Conus colmani,192777,CONESNAILS,DD,NA,iucn
Conus damasoi,192372,CONESNAILS,DD,NA,iucn
Conus danilai,192531,CONESNAILS,DD,NA,iucn
Conus deburghiae,192357,CONESNAILS,DD,NA,iucn
Conus nocturnus,192357,CONESNAILS,DD,NA,iucn
Conus dieteri,192662,CONESNAILS,DD,NA,iucn
Conus eldredi,192615,CONESNAILS,DD,NA,iucn
Conus mappa,192615,CONESNAILS,DD,NA,iucn
Conus escondidai,192491,CONESNAILS,DD,NA,iucn
Conus estivali,192414,CONESNAILS,DD,NA,iucn
Conus fragilissimus,192828,CONESNAILS,DD,NA,iucn
Conus frausseni,192292,CONESNAILS,DD,NA,iucn
Conus gabryae,192846,CONESNAILS,DD,NA,iucn
Conus giorossii,192462,CONESNAILS,DD,NA,iucn
Conus gordyi,192826,CONESNAILS,DD,NA,iucn
Conus gratacapii,192387,CONESNAILS,DD,NA,iucn
Conus habui,192376,CONESNAILS,DD,NA,iucn
Conus hamamotoi,192454,CONESNAILS,DD,NA,iucn
Conus hamanni,192652,CONESNAILS,DD,NA,iucn
Conus honkeri,192856,CONESNAILS,DD,NA,iucn
Conus ignotus,192840,CONESNAILS,DD,NA,iucn
Conus ikedai,192398,CONESNAILS,DD,NA,iucn
Conus joliveti,192496,CONESNAILS,DD,NA,iucn
Conus jourdani,192854,CONESNAILS,DD,NA,iucn
Conus kawamurai,192706,CONESNAILS,DD,NA,iucn
Conus kerstitchi,192775,CONESNAILS,DD,NA,iucn
Conus kiicumulus,192806,CONESNAILS,DD,NA,iucn
Conus kuiperi,192632,CONESNAILS,DD,NA,iucn
Conus leekremeri,192445,CONESNAILS,DD,NA,iucn
Conus lenhilli,192661,CONESNAILS,DD,NA,iucn
Conus lentiginosus,192366,CONESNAILS,DD,NA,iucn
Conus lightbourni,192404,CONESNAILS,DD,NA,iucn
Conus mcbridei,192405,CONESNAILS,DD,NA,iucn
Conus milesi,192747,CONESNAILS,DD,NA,iucn
Conus miniexcelsus,192313,CONESNAILS,DD,NA,iucn
Conus nigromaculatus,192434,CONESNAILS,DD,NA,iucn
Conus smirna,192261,CONESNAILS,DD,NA,iucn
Conus olgae,192655,CONESNAILS,DD,NA,iucn
Conus pacificus,192850,CONESNAILS,DD,NA,iucn
Conus patamakanthini,192739,CONESNAILS,DD,NA,iucn
Conus pauperculus,192483,CONESNAILS,DD,NA,iucn
Conus peli,192574,CONESNAILS,DD,NA,iucn
Conus pepeiu,192282,CONESNAILS,DD,NA,iucn
Conus pseudimperialis,192557,CONESNAILS,DD,NA,iucn
Conus pseudokimioi,192565,CONESNAILS,DD,NA,iucn
Conus pseudorbignyi,192511,CONESNAILS,DD,NA,iucn
Conus richardsae,192520,CONESNAILS,DD,NA,iucn
Conus richeri,192758,CONESNAILS,DD,NA,iucn
Conus rizali,192458,CONESNAILS,DD,NA,iucn
Conus salzmanni,192365,CONESNAILS,DD,NA,iucn
Conus sauros,192680,CONESNAILS,DD,NA,iucn
Conus scalptus,192834,CONESNAILS,DD,NA,iucn
Conus scopulicola,192309,CONESNAILS,DD,NA,iucn
Conus sculpturatus,192463,CONESNAILS,DD,NA,iucn
Conus solomonensis,192332,CONESNAILS,DD,NA,iucn
Conus swainsoni,192769,CONESNAILS,DD,NA,iucn
Conus illawarra,192832,CONESNAILS,DD,NA,iucn
Conus sydneyensis,192832,CONESNAILS,DD,NA,iucn
Conus tirardi,192690,CONESNAILS,DD,NA,iucn
Conus troendlei,192763,CONESNAILS,DD,NA,iucn
Conus tuberculosus,192672,CONESNAILS,DD,NA,iucn
Conus vaubani,192456,CONESNAILS,DD,NA,iucn
Conus wallangra,192490,CONESNAILS,DD,NA,iucn
Conus wilsi,192774,CONESNAILS,DD,NA,iucn
Conus zebra,192280,CONESNAILS,DD,NA,iucn
Cossyphus darwini,183327,WRASSE,DD,NA,iucn
Dentex maculatus,183327,WRASSE,DD,NA,iucn
Labrus aper,183327,WRASSE,DD,NA,iucn
Pimelometopon darwini,183327,WRASSE,DD,NA,iucn
Semicossyphus maculatus,183327,WRASSE,DD,NA,iucn
Crenidens macracanthus,47136863,SEABREAMS_PORGIES,DD,NA,iucn
Crenilabrus spilogaster,187433,WRASSE,DD,NA,iucn
Ctenolabrus aurigarius,187433,WRASSE,DD,NA,iucn
Ctenolabrus rubellio,187433,WRASSE,DD,NA,iucn
Duymaeria japonica,187433,WRASSE,DD,NA,iucn
Pteragogus aurigarius,187433,WRASSE,DD,NA,iucn
Cybium crookewitii,170311,TUNAS_BILLFISHES,DD,NA,iucn
Cybium guttatum,170311,TUNAS_BILLFISHES,DD,NA,iucn
Cybium interruptum,170311,TUNAS_BILLFISHES,DD,NA,iucn
Cybium kuhlii,170311,TUNAS_BILLFISHES,DD,NA,iucn
Indocybium guttatum,170311,TUNAS_BILLFISHES,DD,NA,iucn
Scomber guttatus,170311,TUNAS_BILLFISHES,DD,NA,iucn
Scomber leopardus,170311,TUNAS_BILLFISHES,DD,NA,iucn
Scomberomorus crookewiti,170311,TUNAS_BILLFISHES,DD,NA,iucn
Scomberomorus guttatum,170311,TUNAS_BILLFISHES,DD,NA,iucn
Scomberomorus interruptus,170311,TUNAS_BILLFISHES,DD,NA,iucn
Scomberomorus kuhlii,170311,TUNAS_BILLFISHES,DD,NA,iucn
Scomberomous guttatum,170311,TUNAS_BILLFISHES,DD,NA,iucn
Cybium gracile,170356,TUNAS_BILLFISHES,DD,NA,iucn
Cybium niphonium,170356,TUNAS_BILLFISHES,DD,NA,iucn
Sawara niphonia,170356,TUNAS_BILLFISHES,DD,NA,iucn
Cybium cambodgiense,170346,TUNAS_BILLFISHES,DD,NA,iucn
Scomber sinensis,170346,TUNAS_BILLFISHES,DD,NA,iucn
Decodon grandisquamis,187615,WRASSE,DD,NA,iucn
Lepidaplois grandisquamis,187615,WRASSE,DD,NA,iucn
Delphinus bairdii,6337,MARINE_MAMMALS,DD,NA,iucn
Delphinus tropicalis,6337,MARINE_MAMMALS,DD,NA,iucn
Dentex coeruleopunctatus,170215,SEABREAMS_PORGIES,DD,NA,iucn
Polysteganus caeruleopunctatus,170215,SEABREAMS_PORGIES,DD,NA,iucn
Disteira melanocephala,176762,REPTILES,DD,NA,iucn
Disteira melanocephala,176762,SEASNAKES,DD,NA,iucn
Hydrophis melanocephalus,176762,REPTILES,DD,NA,iucn
Hydrophis melanocephalus,176762,SEASNAKES,DD,NA,iucn
Leioselasma melanocephala,176762,REPTILES,DD,NA,iucn
Leioselasma melanocephala,176762,SEASNAKES,DD,NA,iucn
Disteira nigrocincta,176722,REPTILES,DD,NA,iucn
Disteira nigrocincta,176722,SEASNAKES,DD,NA,iucn
Hydrophis nigrocinctus,176722,REPTILES,DD,NA,iucn
Hydrophis nigrocinctus,176722,SEASNAKES,DD,NA,iucn
Distira annandalei,176731,REPTILES,DD,NA,iucn
Distira annandalei,176731,SEASNAKES,DD,NA,iucn
Kolpophis annandalei,176731,REPTILES,DD,NA,iucn
Kolpophis annandalei,176731,SEASNAKES,DD,NA,iucn
Lapemis annandalei,176731,REPTILES,DD,NA,iucn
Lapemis annandalei,176731,SEASNAKES,DD,NA,iucn
Distira melanosoma,176759,REPTILES,DD,NA,iucn
Distira melanosoma,176759,SEASNAKES,DD,NA,iucn
Hydrophis melanosoma,176759,REPTILES,DD,NA,iucn
Hydrophis melanosoma,176759,SEASNAKES,DD,NA,iucn
Distira mertoni,176772,REPTILES,DD,NA,iucn
Distira mertoni,176772,SEASNAKES,DD,NA,iucn
Parahydrophis mertoni,176772,REPTILES,DD,NA,iucn
Parahydrophis mertoni,176772,SEASNAKES,DD,NA,iucn
Echinophyllia pectinata,133154,CORALS_Part3,DD,NA,iucn
Echinopora grandicula,133487,CORALS_Part1,DD,NA,iucn
Echinopora irregularis,133052,CORALS_Part3,DD,NA,iucn
Echinopora tiranensis,133336,CORALS_Part1,DD,NA,iucn
Scyllarus lewinsohni,184995,LOBSTERS,DD,NA,iucn
Eduarctus marginatus,185006,LOBSTERS,DD,NA,iucn
Eduarctus perspicillatus,185028,LOBSTERS,DD,NA,iucn
Elops smithi,194309,BONEFISH_TARPONS,DD,NA,iucn
Enhydrina zweifeli,176716,REPTILES,DD,NA,iucn
Enhydrina zweifeli,176716,SEASNAKES,DD,NA,iucn
Enhydris bennettii,176683,REPTILES,DD,NA,iucn
Enhydris bennettii,176683,SEASNAKES,DD,NA,iucn
Hypsirhina bennettii,176683,REPTILES,DD,NA,iucn
Hypsirhina bennettii,176683,SEASNAKES,DD,NA,iucn
Hypsirhina maculata,176683,REPTILES,DD,NA,iucn
Hypsirhina maculata,176683,SEASNAKES,DD,NA,iucn
Enigmopora darveliensis,132912,CORALS_Part3,DD,NA,iucn
Enoplometopus callistus,185030,LOBSTERS,DD,NA,iucn
Enoplometopus chacei,185011,LOBSTERS,DD,NA,iucn
Enoplometopus daumi,184985,LOBSTERS,DD,NA,iucn
Enoplometopus debelius,184998,LOBSTERS,DD,NA,iucn
Hoplometopus holthuisi,185024,LOBSTERS,DD,NA,iucn
Enoplometopus macrodontus,185047,LOBSTERS,DD,NA,iucn
Enoplometopus pictus,185053,LOBSTERS,DD,NA,iucn
Enoplometopus voigtmanni,185052,LOBSTERS,DD,NA,iucn
Eostichopus arnesoni,180225,SEACUCUMBERS,DD,NA,iucn
Ephinephelus sexfasciatus,132780,GROUPERS,DD,NA,iucn
Epinephelus sexfaciatus,132780,GROUPERS,DD,NA,iucn
Serranus sexfasciatus,132780,GROUPERS,DD,NA,iucn
Serranus amblycephalus,132812,GROUPERS,DD,NA,iucn
Epinephelus australis,132792,GROUPERS,DD,NA,iucn
Epinephelus polystigma,132792,GROUPERS,DD,NA,iucn
Epinephelus rahanus,132792,GROUPERS,DD,NA,iucn
Serranus australis,132792,GROUPERS,DD,NA,iucn
Serranus polystigma,132792,GROUPERS,DD,NA,iucn
Serranus bontoides,132813,GROUPERS,DD,NA,iucn
Serranus chabaudi,195291,GROUPERS,DD,NA,iucn
Epinephelus chlorocephalus,64397,GROUPERS,DD,NA,iucn
Serranus chlorocephalus,64397,GROUPERS,DD,NA,iucn
Epinephelus compressus,132772,GROUPERS,DD,NA,iucn
Epinephelus octofasciatus,132772,GROUPERS,DD,NA,iucn
Serranus altivelioides,132763,GROUPERS,DD,NA,iucn
Serranus corallicola,132763,GROUPERS,DD,NA,iucn
Epinephelus darwinensis,64399,GROUPERS,DD,NA,iucn
Hyporthodus darwinensis,64399,GROUPERS,DD,NA,iucn
Epinephelus epistictus,132824,GROUPERS,DD,NA,iucn
Epinephelus praeopercularis,132824,GROUPERS,DD,NA,iucn
Serranus epistictus,132824,GROUPERS,DD,NA,iucn
Serranus praeopercularis,132824,GROUPERS,DD,NA,iucn
Epinephelus townsendi,132785,GROUPERS,DD,NA,iucn
Epinephelus exsul,7855,GROUPERS,DD,NA,iucn
Hyporthodus exsul,7855,GROUPERS,DD,NA,iucn
Serrihastaperca exsul,7855,GROUPERS,DD,NA,iucn
Serranus fasciatomaculosus,132769,GROUPERS,DD,NA,iucn
Serranus bontoo,132760,GROUPERS,DD,NA,iucn
Serranus faveatus,132760,GROUPERS,DD,NA,iucn
Epinephelus grammicus,132735,GROUPERS,DD,NA,iucn
Priacanthichthys maderaspatensis,132735,GROUPERS,DD,NA,iucn
Serranus grammicus,132735,GROUPERS,DD,NA,iucn
Serranus latifasciatus,132735,GROUPERS,DD,NA,iucn
Epinephelus hata,132798,GROUPERS,DD,NA,iucn
Epinephelus indistinctus,64402,GROUPERS,DD,NA,iucn
Epinephelus mauritianus,132794,GROUPERS,DD,NA,iucn
Epinephelus truncatus,132794,GROUPERS,DD,NA,iucn
Serranus retouti,132794,GROUPERS,DD,NA,iucn
Epinephelus niphobles,132734,GROUPERS,DD,NA,iucn
Epinephelus niveatus,132734,GROUPERS,DD,NA,iucn
Epinephelus perplexus,64404,GROUPERS,DD,NA,iucn
Hyporthodus perplexus,64404,GROUPERS,DD,NA,iucn
Epinephelus posteli,132797,GROUPERS,DD,NA,iucn
Epinephelus quinquefasciatus,195292,GROUPERS,DD,NA,iucn
Serranus quinquefasciatus,195292,GROUPERS,DD,NA,iucn
Serranus stoliczkae,132793,GROUPERS,DD,NA,iucn
Epinephelus suborbitalis,64405,GROUPERS,DD,NA,iucn
Perca summana,132728,GROUPERS,DD,NA,iucn
Sebastes meleagris,132728,GROUPERS,DD,NA,iucn
Serranus leucostigma,132728,GROUPERS,DD,NA,iucn
Epinephelus trophis,132768,GROUPERS,DD,NA,iucn
Epinephelus undulotostriatus,64408,GROUPERS,DD,NA,iucn
Serranus guttulatus,64408,GROUPERS,DD,NA,iucn
Serranus undulatostriatus,64408,GROUPERS,DD,NA,iucn
Eunephrops luckhursti,185068,LOBSTERS,DD,NA,iucn
Excoecaria indica,178836,MANGROVES,DD,NA,iucn
Fistularia impatiens,180512,SEACUCUMBERS,DD,NA,iucn
Holothuria truncata,180512,SEACUCUMBERS,DD,NA,iucn
Frontilabrus caeruleus,187676,WRASSE,DD,NA,iucn
Scyllarus umbilicatus,184988,LOBSTERS,DD,NA,iucn
Globicephala leucosagmaphora,9250,MARINE_MAMMALS,DD,NA,iucn_parent
Globicephala melaena,9250,MARINE_MAMMALS,DD,NA,iucn_parent
Halichoeres irideus,187732,WRASSE,DD,NA,iucn
Julis principis,187732,WRASSE,DD,NA,iucn
Labrus brasiliensis,187732,WRASSE,DD,NA,iucn
Halichoeres melas,155033,WRASSE,DD,NA,iucn
Halichoeres pelicieri,187616,WRASSE,DD,NA,iucn
Halichoeres raisneri,187531,WRASSE,DD,NA,iucn
Halichoeres rubricephalus,187695,WRASSE,DD,NA,iucn
Holothuria parva,180448,SEACUCUMBERS,DD,NA,iucn
Holothuria pulla,180268,SEACUCUMBERS,DD,NA,iucn
Halodule beaudettei,173329,SEAGRASSES,DD,NA,iucn
Halodule bermudensis,173374,SEAGRASSES,DD,NA,iucn
Halodule ciliata,173334,SEAGRASSES,DD,NA,iucn
Halodule emarginata,173347,SEAGRASSES,DD,NA,iucn
Halophila euphlebia,173325,SEAGRASSES,DD,NA,iucn
Halophila sulawesii,173326,SEAGRASSES,DD,NA,iucn
Haptogenys bipunctata,48342409,COMBTOOTHBLENNIES,DD,NA,iucn
Haptogenys quadripora,48342409,COMBTOOTHBLENNIES,DD,NA,iucn
Petroscirtes bipunctatus,48342409,COMBTOOTHBLENNIES,DD,NA,iucn
Histiophorus brevirostris,170312,TUNAS_BILLFISHES,DD,NA,iucn
Istiompax australis,170312,TUNAS_BILLFISHES,DD,NA,iucn
Istiompax brevirostris,170312,TUNAS_BILLFISHES,DD,NA,iucn
Istiompax dombraini,170312,TUNAS_BILLFISHES,DD,NA,iucn
Istiompax indicus,170312,TUNAS_BILLFISHES,DD,NA,iucn
Istiompax marlina,170312,TUNAS_BILLFISHES,DD,NA,iucn
Makaira brevirostris,170312,TUNAS_BILLFISHES,DD,NA,iucn
Makaira herscheri,170312,TUNAS_BILLFISHES,DD,NA,iucn
Makaira indica,170312,TUNAS_BILLFISHES,DD,NA,iucn
Makaira indicus,170312,TUNAS_BILLFISHES,DD,NA,iucn
Makaira marlina,170312,TUNAS_BILLFISHES,DD,NA,iucn
Makaira xantholineata,170312,TUNAS_BILLFISHES,DD,NA,iucn
Marlina marlina,170312,TUNAS_BILLFISHES,DD,NA,iucn
Tetrapturus australis,170312,TUNAS_BILLFISHES,DD,NA,iucn
Tetrapturus brevirostris,170312,TUNAS_BILLFISHES,DD,NA,iucn
Tetrapturus indicus,170312,TUNAS_BILLFISHES,DD,NA,iucn
Phoca fasciata,41670,MARINE_MAMMALS,DD,NA,iucn
Holothuria aculeata,180547,SEACUCUMBERS,DD,NA,iucn
Holothuria aemula,19708759,SEACUCUMBERS,DD,NA,iucn
Holothuria albifasciatus,19708766,SEACUCUMBERS,DD,NA,iucn
Holothuria albiventer,180439,SEACUCUMBERS,DD,NA,iucn
Holothuria albofusca,180370,SEACUCUMBERS,DD,NA,iucn
Holothuria altaturricula,19708770,SEACUCUMBERS,DD,NA,iucn
Holothuria samoana,180328,SEACUCUMBERS,DD,NA,iucn
Holothuria annulifera,180296,SEACUCUMBERS,DD,NA,iucn
Holothuria aphanes,180389,SEACUCUMBERS,DD,NA,iucn
Holothuria arguinensis,180393,SEACUCUMBERS,DD,NA,iucn
Holothuria asperita,180435,SEACUCUMBERS,DD,NA,iucn
Holothuria bacilla,180428,SEACUCUMBERS,DD,NA,iucn
Holothuria brauni,180343,SEACUCUMBERS,DD,NA,iucn
Holothuria cadelli,19708816,SEACUCUMBERS,DD,NA,iucn
Holothuria caparti,180212,SEACUCUMBERS,DD,NA,iucn
Holothuria casoae,19708918,SEACUCUMBERS,DD,NA,iucn
Holothuria cavans,180264,SEACUCUMBERS,DD,NA,iucn
Holothuria chilensis,180394,SEACUCUMBERS,DD,NA,iucn
Holothuria conica,180410,SEACUCUMBERS,DD,NA,iucn
Holothuria conusalba,180407,SEACUCUMBERS,DD,NA,iucn
Holothuria crosnieri,180272,SEACUCUMBERS,DD,NA,iucn
Holothuria cumulus,180453,SEACUCUMBERS,DD,NA,iucn
Holothuria dicorona,180383,SEACUCUMBERS,DD,NA,iucn
Holothuria discrepans,180500,SEACUCUMBERS,DD,NA,iucn
Holothuria dofleinii,180388,SEACUCUMBERS,DD,NA,iucn
Holothuria duoturricula,180240,SEACUCUMBERS,DD,NA,iucn
Holothuria duoturriforma,19708976,SEACUCUMBERS,DD,NA,iucn
Holothuria dura,180232,SEACUCUMBERS,DD,NA,iucn
Parastichopus tremulus,180223,SEACUCUMBERS,DD,NA,iucn
Stichopus tremulus,180223,SEACUCUMBERS,DD,NA,iucn
Holothuria enalia,19709023,SEACUCUMBERS,DD,NA,iucn
Holothuria excellens,180431,SEACUCUMBERS,DD,NA,iucn
Holothuria exilis,180366,SEACUCUMBERS,DD,NA,iucn
Holothuria flavocastanea,180211,SEACUCUMBERS,DD,NA,iucn
Holothuria foresti,180255,SEACUCUMBERS,DD,NA,iucn
Holothuria fuligina,180233,SEACUCUMBERS,DD,NA,iucn
Holothuria fuscoolivacea,180236,SEACUCUMBERS,DD,NA,iucn
Holothuria olivacea,180236,SEACUCUMBERS,DD,NA,iucn
Holothuria fuscorubra,180423,SEACUCUMBERS,DD,NA,iucn
Holothuria glandifera,180315,SEACUCUMBERS,DD,NA,iucn
Holothuria gracilis,180420,SEACUCUMBERS,DD,NA,iucn
Holothuria granosa,180349,SEACUCUMBERS,DD,NA,iucn
Holothuria hamata,180213,SEACUCUMBERS,DD,NA,iucn
Holothuria hartmeyeri,180283,SEACUCUMBERS,DD,NA,iucn
Holothuria horrida,180307,SEACUCUMBERS,DD,NA,iucn
Holothuria huberti,19709100,SEACUCUMBERS,DD,NA,iucn
Holothuria inornata,200714,SEACUCUMBERS,DD,NA,iucn
Holothuria integra,180308,SEACUCUMBERS,DD,NA,iucn
Holothuria jousseaumei,180364,SEACUCUMBERS,DD,NA,iucn
Holothuria kefersteinii,180245,SEACUCUMBERS,DD,NA,iucn
Holothuria klunzingeri,180361,SEACUCUMBERS,DD,NA,iucn
Holothuria kubaryi,180471,SEACUCUMBERS,DD,NA,iucn
Holothuria lineata,180539,SEACUCUMBERS,DD,NA,iucn
Holothuria longicosta,19710927,SEACUCUMBERS,DD,NA,iucn
Holothuria macroperona,180447,SEACUCUMBERS,DD,NA,iucn
Holothuria mactanensis,180491,SEACUCUMBERS,DD,NA,iucn
Holothuria maculosa,180542,SEACUCUMBERS,DD,NA,iucn
Holothuria mammosa,180537,SEACUCUMBERS,DD,NA,iucn
Holothuria martensii,180290,SEACUCUMBERS,DD,NA,iucn
Holothuria massaspicula,180281,SEACUCUMBERS,DD,NA,iucn
Holothuria michaelseni,180260,SEACUCUMBERS,DD,NA,iucn
Holothuria milloti,180418,SEACUCUMBERS,DD,NA,iucn
Holothuria minax,180310,SEACUCUMBERS,DD,NA,iucn
Holothuria modesta,180347,SEACUCUMBERS,DD,NA,iucn
Stichopus monotuberculatus,180367,SEACUCUMBERS,DD,NA,iucn
Holothuria multipilula,180239,SEACUCUMBERS,DD,NA,iucn
Holothuria nigralutea,19711070,SEACUCUMBERS,DD,NA,iucn
Holothuria notabilis,180340,SEACUCUMBERS,DD,NA,iucn
Holothuria papillata,19711082,SEACUCUMBERS,DD,NA,iucn
Holothuria papillifera,180403,SEACUCUMBERS,DD,NA,iucn
Holothuria portovallartensis,180376,SEACUCUMBERS,DD,NA,iucn
Holothuria pseudonotabilis,19711179,SEACUCUMBERS,DD,NA,iucn
Holothuria pyxis,180230,SEACUCUMBERS,DD,NA,iucn
Holothuria pyxoides,19711252,SEACUCUMBERS,DD,NA,iucn
Holothuria remollescens,180321,SEACUCUMBERS,DD,NA,iucn
Holothuria riojai,180490,SEACUCUMBERS,DD,NA,iucn
Mesothuria roulei,180496,SEACUCUMBERS,DD,NA,iucn
Holothuria rowei,180219,SEACUCUMBERS,DD,NA,iucn
Holothuria sinefibula,180301,SEACUCUMBERS,DD,NA,iucn
Holothuria sinica,180470,SEACUCUMBERS,DD,NA,iucn
Holothuria spinifera,180215,SEACUCUMBERS,DD,NA,iucn
Holothuria stellati,180289,SEACUCUMBERS,DD,NA,iucn
Holothuria stocki,180446,SEACUCUMBERS,DD,NA,iucn
Holothuria strigosa,180249,SEACUCUMBERS,DD,NA,iucn
Holothuria submersa,180319,SEACUCUMBERS,DD,NA,iucn
Holothuria sucosa,180532,SEACUCUMBERS,DD,NA,iucn
Holothuria sulcata,180458,SEACUCUMBERS,DD,NA,iucn
Holothuria suspecta,180320,SEACUCUMBERS,DD,NA,iucn
Holothuria theeli,180374,SEACUCUMBERS,DD,NA,iucn
Mesothuria thomsoni,19743767,SEACUCUMBERS,DD,NA,iucn
Zygothuria thomsoni,19743767,SEACUCUMBERS,DD,NA,iucn
Holothuria tortonesei,180427,SEACUCUMBERS,DD,NA,iucn
Holothuria tripilata,180270,SEACUCUMBERS,DD,NA,iucn
Holothuria truncata,19711394,SEACUCUMBERS,DD,NA,iucn
Holothuria tuberculata,19711507,SEACUCUMBERS,DD,NA,iucn
Holothuria turrisimperfecta,180466,SEACUCUMBERS,DD,NA,iucn
Holothuria unica,180317,SEACUCUMBERS,DD,NA,iucn
Holothuria vemae,180234,SEACUCUMBERS,DD,NA,iucn
Mesothuria oktaknemus,180276,SEACUCUMBERS,DD,NA,iucn
Mesothuria verrilli,180276,SEACUCUMBERS,DD,NA,iucn
Holothuria vittalonga,180335,SEACUCUMBERS,DD,NA,iucn
Holothuria zihuatanensis,180247,SEACUCUMBERS,DD,NA,iucn
Homeryon armarium,185079,LOBSTERS,DD,NA,iucn
Homesthes caulopus,184022,COMBTOOTHBLENNIES,DD,NA,iucn
Hypsoblennius caulopus,184022,COMBTOOTHBLENNIES,DD,NA,iucn
Hypsoblennius lignus,184022,COMBTOOTHBLENNIES,DD,NA,iucn
Hydrophis anomala,176742,SEASNAKES,DD,NA,iucn
Thalassophina anomala,176742,REPTILES,DD,NA,iucn
Thalassophina anomala,176742,SEASNAKES,DD,NA,iucn
Thalassophis anomalus,176742,REPTILES,DD,NA,iucn
Thalassophis anomalus,176742,SEASNAKES,DD,NA,iucn
Hydrophis cantoris,176713,REPTILES,DD,NA,iucn
Hydrophis cantoris,176713,SEASNAKES,DD,NA,iucn
Microcephalophis cantoris,176713,REPTILES,DD,NA,iucn
Microcephalophis cantoris,176713,SEASNAKES,DD,NA,iucn
Hydrophis geometricus,176730,REPTILES,DD,NA,iucn
Hydrophis geometricus,176730,SEASNAKES,DD,NA,iucn
Leioselasma czeblukovi,176730,REPTILES,DD,NA,iucn
Leioselasma czeblukovi,176730,SEASNAKES,DD,NA,iucn
Hydrophis klossi,176753,REPTILES,DD,NA,iucn
Hydrophis klossi,176753,SEASNAKES,DD,NA,iucn
Hydrophis pachycercos,176707,REPTILES,DD,NA,iucn
Hydrophis pachycercos,176707,SEASNAKES,DD,NA,iucn
Hydrophis parviceps,176749,REPTILES,DD,NA,iucn
Hydrophis parviceps,176749,SEASNAKES,DD,NA,iucn
Hydrophis vorisi,176768,REPTILES,DD,NA,iucn
Hydrophis vorisi,176768,SEASNAKES,DD,NA,iucn
Mesoplodon pacificus,40635,MARINE_MAMMALS,DD,NA,iucn
Iniistius cyanifrons,187380,WRASSE,DD,NA,iucn
Xyrichthys cyanifrons,187380,WRASSE,DD,NA,iucn
Iniistius geisha,187660,WRASSE,DD,NA,iucn
Iniistius javanicus,187487,WRASSE,DD,NA,iucn
Novacula javanica,187487,WRASSE,DD,NA,iucn
Xyrichtys javanicus,187487,WRASSE,DD,NA,iucn
Xyrichtys trivittatus,187412,WRASSE,DD,NA,iucn
Isopora cylindrica,133653,CORALS_Part1,DD,NA,iucn
Stichopus macroparentheses,180313,SEACUCUMBERS,DD,NA,iucn
Jasus caveorum,185085,LOBSTERS,DD,NA,iucn
Jasus paulensis,169980,LOBSTERS,DD,NA,iucn
Julis ascensionis,21689,WRASSE,DD,NA,iucn
Julis lessonii,21689,WRASSE,DD,NA,iucn
Julis sanctaehelenae,187377,WRASSE,DD,NA,iucn
Thalassoma sanctaehelenae,187377,WRASSE,DD,NA,iucn
Justitia chani,185007,LOBSTERS,DD,NA,iucn
Nupalirus chani,185007,LOBSTERS,DD,NA,iucn
Justitia vericeli,185025,LOBSTERS,DD,NA,iucn
Justitia longimanus,170097,LOBSTERS,DD,NA,iucn
Palinurus longimanus,170097,LOBSTERS,DD,NA,iucn
Kishinoella rara,170351,TUNAS_BILLFISHES,DD,NA,iucn
Kishinoella tonggol,170351,TUNAS_BILLFISHES,DD,NA,iucn
Neothunnus rarus,170351,TUNAS_BILLFISHES,DD,NA,iucn
Neothunnus tonggol,170351,TUNAS_BILLFISHES,DD,NA,iucn
Thunnus nicolsoni,170351,TUNAS_BILLFISHES,DD,NA,iucn
Thunnus rarus,170351,TUNAS_BILLFISHES,DD,NA,iucn
Thynnus tonggol,170351,TUNAS_BILLFISHES,DD,NA,iucn
Kogia simus,11048,MARINE_MAMMALS,DD,NA,iucn
Labidodemas pseudosemperianum,180484,SEACUCUMBERS,DD,NA,iucn
Labidodemas quadripartitum,180450,SEACUCUMBERS,DD,NA,iucn
Labidodemas spineum,180288,SEACUCUMBERS,DD,NA,iucn
Labrus quadrilineatus,187526,WRASSE,DD,NA,iucn
Lagocephalus cheesemanii,193737,PUFFERFISH,DD,NA,iucn
Sphoeroides cheesemanii,193737,PUFFERFISH,DD,NA,iucn
Tetrodon cheesemanii,193737,PUFFERFISH,DD,NA,iucn
Lagocephalus pseudommus,193809,PUFFERFISH,DD,NA,iucn
Takifugu pseudomus,193809,PUFFERFISH,DD,NA,iucn
Lappanella guineensis,187550,WRASSE,DD,NA,iucn
Laurentaeglyphea neocaledonica,185043,LOBSTERS,DD,NA,iucn
Lepilaena australis,173353,SEAGRASSES,DD,NA,iucn
Lepilaena marina,173359,SEAGRASSES,DD,NA,iucn
Lipophrys bauchotae,185187,COMBTOOTHBLENNIES,DD,NA,iucn
Microlipophrys bauchotae,185187,COMBTOOTHBLENNIES,DD,NA,iucn
Lithognathus olivieri,170255,SEABREAMS_PORGIES,DD,NA,iucn
Madracis carmabi,133544,CORALS_Part1,DD,NA,iucn
Malapterus reticulatus,187760,WRASSE,DD,NA,iucn
Petroskirtes anema,196307,COMBTOOTHBLENNIES,DD,NA,iucn
Meiacanthus erdmanni,48342283,COMBTOOTHBLENNIES,DD,NA,iucn
Meiacanthus phaeus,48342272,COMBTOOTHBLENNIES,DD,NA,iucn
Meseres atlanticus,180271,SEACUCUMBERS,DD,NA,iucn
Molpadiodemas atlanticus,180271,SEACUCUMBERS,DD,NA,iucn
Pseudostichopus atlanticus,180271,SEACUCUMBERS,DD,NA,iucn
Meseres globigerinae,180259,SEACUCUMBERS,DD,NA,iucn
Molpadiodemas involutus,180259,SEACUCUMBERS,DD,NA,iucn
Pseudostichopus globigerinae,180259,SEACUCUMBERS,DD,NA,iucn
Meseres peripatus,180459,SEACUCUMBERS,DD,NA,iucn
Pseudostichopus peripatus,180459,SEACUCUMBERS,DD,NA,iucn
Meseres spiculiferum,180415,SEACUCUMBERS,DD,NA,iucn
Meseres spiculiferus,180415,SEACUCUMBERS,DD,NA,iucn
Pseudostichopus spiculiferus,180415,SEACUCUMBERS,DD,NA,iucn
Mesoplodon bahamondi,41760,MARINE_MAMMALS,DD,NA,iucn
Mesoplodon gervaisi,13245,MARINE_MAMMALS,DD,NA,iucn
Mesoplodon hotaula,13246,MARINE_MAMMALS,DD,NA,iucn
Mesothuria abberviata,180339,SEACUCUMBERS,DD,NA,iucn
Mesothuria bifurcata,180262,SEACUCUMBERS,DD,NA,iucn
Mesothuria candelabra,180462,SEACUCUMBERS,DD,NA,iucn
Mesothuria candelabri,180462,SEACUCUMBERS,DD,NA,iucn
Mesothuria carnosa,180434,SEACUCUMBERS,DD,NA,iucn
Mesothuria cathedralis,180214,SEACUCUMBERS,DD,NA,iucn
Mesothuria connectens,180345,SEACUCUMBERS,DD,NA,iucn
Mesothuria crebrapedes,180505,SEACUCUMBERS,DD,NA,iucn
Mesothuria edwardensis,19718565,SEACUCUMBERS,DD,NA,iucn
Mesothuria holothurioides,19719775,SEACUCUMBERS,DD,NA,iucn
Mesothuria incerta,19719847,SEACUCUMBERS,DD,NA,iucn
Mesothuria marginata,19743693,SEACUCUMBERS,DD,NA,iucn
Mesothuria maroccana,180517,SEACUCUMBERS,DD,NA,iucn
Mesothuria milleri,180546,SEACUCUMBERS,DD,NA,iucn
Mesothuria multipora,19720058,SEACUCUMBERS,DD,NA,iucn
Mesothuria oktaknemoides,19720743,SEACUCUMBERS,DD,NA,iucn
Mesothuria oktaknemus,19720826,SEACUCUMBERS,DD,NA,iucn
Mesothuria regularia,180333,SEACUCUMBERS,DD,NA,iucn
Mesothuria squamosa,19720909,SEACUCUMBERS,DD,NA,iucn
Mesothuria sufflava,180409,SEACUCUMBERS,DD,NA,iucn
Mesothuria triradiata,180379,SEACUCUMBERS,DD,NA,iucn
Metanephrops arafurensis,170040,LOBSTERS,DD,NA,iucn
Metanephrops armatus,170003,LOBSTERS,DD,NA,iucn
Metanephrops rubellus,169959,LOBSTERS,DD,NA,iucn
Metanephrops sagamiensis,169971,LOBSTERS,DD,NA,iucn
Metanephrops taiwanicus,185063,LOBSTERS,DD,NA,iucn
Millepora braziliensis,133362,CORALS_Part3,DD,NA,iucn
Millepora nitida,132999,CORALS_Part3,DD,NA,iucn
Molpadiodemas crinitus,180527,SEACUCUMBERS,DD,NA,iucn
Molpadiodemas depressus,180282,SEACUCUMBERS,DD,NA,iucn
Pseudostichopus depressus,180282,SEACUCUMBERS,DD,NA,iucn
Molpadiodemas helios,180253,SEACUCUMBERS,DD,NA,iucn
Molpadiodemas morbillus,180482,SEACUCUMBERS,DD,NA,iucn
Molpadiodemas neovillosus,180292,SEACUCUMBERS,DD,NA,iucn
Molpadiodemas pediculus,180536,SEACUCUMBERS,DD,NA,iucn
Molpadiodemas pustulosus,180456,SEACUCUMBERS,DD,NA,iucn
Pseudostichopus pustulosus,180456,SEACUCUMBERS,DD,NA,iucn
Molpadiodemas translucens,180294,SEACUCUMBERS,DD,NA,iucn
Molpadiodemas ustulatus,180445,SEACUCUMBERS,DD,NA,iucn
Montigyra kenti,132982,CORALS_Part1,DD,NA,iucn
Montipora echinata,133072,CORALS_Part1,DD,NA,iucn
Montipora kellyi,133282,CORALS_Part3,DD,NA,iucn
Montipora pachytuberculata,133454,CORALS_Part3,DD,NA,iucn
Mussismilia braziliensis,133586,CORALS_Part1,DD,NA,iucn
Mycteroperca cidi,14048,GROUPERS,DD,NA,iucn
Neostichopus grammatus,180521,SEACUCUMBERS,DD,NA,iucn
Nephropsis holthuisi,184990,LOBSTERS,DD,NA,iucn
Nephropsis malhaensis,169977,LOBSTERS,DD,NA,iucn
Oculina tenella,132961,CORALS_Part1,DD,NA,iucn
Omobranchus robertsi,48342358,COMBTOOTHBLENNIES,DD,NA,iucn
Omobranchus steinitzi,48342141,COMBTOOTHBLENNIES,DD,NA,iucn
Otaria byronia,41665,MARINE_MAMMALS,LC,NA,iucn
Oxypora convoluta,133562,CORALS_Part1,DD,NA,iucn
Oxypora egyptensis,133608,CORALS_Part1,DD,NA,iucn
Paelopatides atlantica,180344,SEACUCUMBERS,DD,NA,iucn
Paelopatides confundens,180325,SEACUCUMBERS,DD,NA,iucn
Paelopatides dissidens,19742996,SEACUCUMBERS,DD,NA,iucn
Paelopatides gigantea,180365,SEACUCUMBERS,DD,NA,iucn
Paelopatides grisea,180273,SEACUCUMBERS,DD,NA,iucn
Paelopatides illicitus,19743016,SEACUCUMBERS,DD,NA,iucn
Paelopatides insignis,19743022,SEACUCUMBERS,DD,NA,iucn
Paelopatides modestus,19743032,SEACUCUMBERS,DD,NA,iucn
Paelopatides mollis,19743037,SEACUCUMBERS,DD,NA,iucn
Paelopatides ovalis,19743044,SEACUCUMBERS,DD,NA,iucn
Paelopatides quadridens,180250,SEACUCUMBERS,DD,NA,iucn
Paelopatides solea,180208,SEACUCUMBERS,DD,NA,iucn
Paelopatides suspecta,19743056,SEACUCUMBERS,DD,NA,iucn
Paelopatides verrucosus,19743065,SEACUCUMBERS,DD,NA,iucn
Palinurus barbarae,185008,LOBSTERS,DD,NA,iucn
Panulirus marginatus,170067,LOBSTERS,DD,NA,iucn
Palinustus holthuisi,185009,LOBSTERS,DD,NA,iucn
Panulirus brunneiflagellum,170091,LOBSTERS,DD,NA,iucn
Panulirus pascuensis,170057,LOBSTERS,DD,NA,iucn
Paracheilinus dispilus,187666,WRASSE,DD,NA,iucn
Synallactes elongata,19743237,SEACUCUMBERS,DD,NA,iucn
Parastichopus nigripunctatus,180382,SEACUCUMBERS,DD,NA,iucn
Perizona magna,19743072,SEACUCUMBERS,DD,NA,iucn
Paroriza pallens,180350,SEACUCUMBERS,DD,NA,iucn
Paroriza prohoi,180261,SEACUCUMBERS,DD,NA,iucn
Paroriza verrucosa,19725134,SEACUCUMBERS,DD,NA,iucn
Parribacus perlatus,170090,LOBSTERS,DD,NA,iucn
Pavona xarifae,133455,CORALS_Part1,DD,NA,iucn
Pectinia crassa,133241,CORALS_Part1,DD,NA,iucn
Pelagocephalus coheni,64528661,PUFFERFISH,DD,NA,iucn
Peristichopus papillatus,180224,SEACUCUMBERS,DD,NA,iucn
Pseudostichopus papillatus,180224,SEACUCUMBERS,DD,NA,iucn
Petroskirtes heyligeri,180982,COMBTOOTHBLENNIES,DD,NA,iucn
Phenablennius heyligeri,180982,COMBTOOTHBLENNIES,DD,NA,iucn
Pictilabrus brauni,187557,WRASSE,DD,NA,iucn
Plagiotremus iosodon,180126,COMBTOOTHBLENNIES,DD,NA,iucn
Plectropoma maculatum,132801,GROUPERS,DD,NA,iucn
Plectropoma punctatum,132801,GROUPERS,DD,NA,iucn
Plerogyra diabolotus,133347,CORALS_Part3,DD,NA,iucn
Pomacentrus otophorus,188471,DAMSELFISH,DD,NA,iucn
Porites baueri,133421,CORALS_Part1,DD,NA,iucn
Porites decasepta,133610,CORALS_Part3,DD,NA,iucn
Porites ericacea,133703,CORALS_Part3,DD,NA,iucn
Porites evermanni,132938,CORALS_Part1,DD,NA,iucn
Porites excavata,133286,CORALS_Part3,DD,NA,iucn
Porites flavus,133561,CORALS_Part1,DD,NA,iucn
Prionurus chrysurus,177956,SURGEONFISH_TANGS_UNICORNFISH,DD,NA,iucn
Prionurus scalprus,177952,SURGEONFISH_TANGS_UNICORNFISH,DD,NA,iucn
Xesurus scalprum,177952,SURGEONFISH_TANGS_UNICORNFISH,DD,NA,iucn
Psammocora interstinctus,132989,CORALS_Part3,DD,NA,iucn
Psammocora verrilli,133328,CORALS_Part3,DD,NA,iucn
Scyllarides latus,169983,LOBSTERS,DD,NA,iucn
Pseudocoris aequalis,187789,WRASSE,DD,NA,iucn
Pseudocoris ocellatus,187611,WRASSE,DD,NA,iucn
Pseudojulis cerasina,187626,WRASSE,DD,NA,iucn
Pseudojuloides cerasina,187626,WRASSE,DD,NA,iucn
Pseudolabrus cerasina,187626,WRASSE,DD,NA,iucn
Pseudojuloides elongatus,187480,WRASSE,DD,NA,iucn
Pseudojuloides xanthomos,187776,WRASSE,DD,NA,iucn
Pseudoscarus chinensis,190764,WRASSE,DD,NA,iucn
Scarus chinensis,190764,WRASSE,DD,NA,iucn
Pseudoscarus plumbeus,190720,WRASSE,DD,NA,iucn
Pseudoscarus simplex,190720,WRASSE,DD,NA,iucn
Scarus rostratus,190720,WRASSE,DD,NA,iucn
Pseudostichopus aemaulatus,180209,SEACUCUMBERS,DD,NA,iucn
Pseudostichopus echinatus,180432,SEACUCUMBERS,DD,NA,iucn
Pseudostichopus langeae,19743108,SEACUCUMBERS,DD,NA,iucn
Pseudostichopus occulatatus,180506,SEACUCUMBERS,DD,NA,iucn
Pseudostichopus profundi,180454,SEACUCUMBERS,DD,NA,iucn
Pseudostichopus tuberosus,180460,SEACUCUMBERS,DD,NA,iucn
Rastrelliger neglectus,170318,TUNAS_BILLFISHES,DD,NA,iucn
Scomber brachysoma,170318,TUNAS_BILLFISHES,DD,NA,iucn
Scomber neglectus,170318,TUNAS_BILLFISHES,DD,NA,iucn
Rastrelliger serventyi,170328,TUNAS_BILLFISHES,DD,NA,iucn
Rastrilleger kanagurta,170328,TUNAS_BILLFISHES,DD,NA,iucn
Scomber canagurta,170328,TUNAS_BILLFISHES,DD,NA,iucn
Scomber chrysozonus,170328,TUNAS_BILLFISHES,DD,NA,iucn
Scomber delphinalis,170328,TUNAS_BILLFISHES,DD,NA,iucn
Scomber kanagurta,170328,TUNAS_BILLFISHES,DD,NA,iucn
Scomber lepturus,170328,TUNAS_BILLFISHES,DD,NA,iucn
Scomber loo,170328,TUNAS_BILLFISHES,DD,NA,iucn
Scomber microlepidotus,170328,TUNAS_BILLFISHES,DD,NA,iucn
Scomber moluccensis,170328,TUNAS_BILLFISHES,DD,NA,iucn
Scomber reani,170328,TUNAS_BILLFISHES,DD,NA,iucn
Scomber uam,170328,TUNAS_BILLFISHES,DD,NA,iucn
Rhabdoblennius papuensis,48342143,COMBTOOTHBLENNIES,DD,NA,iucn
Rhabdosargus niger,47260360,SEABREAMS_PORGIES,DD,NA,iucn
Ruppia filifolia,173362,SEAGRASSES,DD,NA,iucn
Scarus axillaris,190751,WRASSE,DD,NA,iucn
Scarus spinidens,190751,WRASSE,DD,NA,iucn
Scarus frondosus,190724,WRASSE,DD,NA,iucn
Scarus obishime,190716,WRASSE,DD,NA,iucn
Scarus zelindae,190760,WRASSE,DD,NA,iucn
Scarus zufar,190752,WRASSE,DD,NA,iucn
Scyllarides astori,170020,LOBSTERS,DD,NA,iucn
Scyllarides obtusus,185057,LOBSTERS,DD,NA,iucn
Scyllarides roggeveeni,170022,LOBSTERS,DD,NA,iucn
Scyllarus paradoxus,185095,LOBSTERS,DD,NA,iucn
Scyllarus planorbis,185016,LOBSTERS,DD,NA,iucn
Scyllarus subarctus,184999,LOBSTERS,DD,NA,iucn
Sotalia guianensis,181359,MARINE_MAMMALS,DD,NA,iucn
Spaniblennius clandestinus,185177,COMBTOOTHBLENNIES,DD,NA,iucn
Sparidentex belayewi,170236,SEABREAMS_PORGIES,DD,NA,iucn
Sparidentex datnia,170163,SEABREAMS_PORGIES,DD,NA,iucn
Sparisoma griseorubrum,190696,WRASSE,DD,NA,iucn
Spheroides nitidus,193743,PUFFERFISH,DD,NA,iucn
Sphoeroides nitidus,193743,PUFFERFISH,DD,NA,iucn
Sphoeroides andersonianus,193620,PUFFERFISH,DD,NA,iucn
Sphoeroides georgemilleri,193679,PUFFERFISH,DD,NA,iucn
Stenella plagiodon,20732,MARINE_MAMMALS,DD,NA,iucn
Stichopus anapinusus,180513,SEACUCUMBERS,DD,NA,iucn
Stichopus ellipes,180237,SEACUCUMBERS,DD,NA,iucn
Stichopus ludwigi,180391,SEACUCUMBERS,DD,NA,iucn
Stichopus ocellatus,180535,SEACUCUMBERS,DD,NA,iucn
Stichopus paradoxus,180341,SEACUCUMBERS,DD,NA,iucn
Stichopus pseudohorrens,180363,SEACUCUMBERS,DD,NA,iucn
Stichopus quadrifasciatus,180524,SEACUCUMBERS,DD,NA,iucn
Stichopus rubermaculosus,180322,SEACUCUMBERS,DD,NA,iucn
Stylocoeniella muscosus,133221,CORALS_Part3,DD,NA,iucn
Suezichthys russelli,187778,WRASSE,DD,NA,iucn
Synallactes angustus,180480,SEACUCUMBERS,DD,NA,iucn
Synallactes chuni,19743205,SEACUCUMBERS,DD,NA,iucn
Synallactes crebrapapilla,180522,SEACUCUMBERS,DD,NA,iucn
Synallactes discoidalis,19743226,SEACUCUMBERS,DD,NA,iucn
Synallactes laguardai,180473,SEACUCUMBERS,DD,NA,iucn
Synallactes longipapillata,19743327,SEACUCUMBERS,DD,NA,iucn
Synallactes mollis,180305,SEACUCUMBERS,DD,NA,iucn
Synallactes multivesiculatus,19743348,SEACUCUMBERS,DD,NA,iucn
Synallactes pellucidus,19716630,SEACUCUMBERS,DD,NA,iucn
Synallactes rigidus,19743545,SEACUCUMBERS,DD,NA,iucn
Synallactes robertsoni,180358,SEACUCUMBERS,DD,NA,iucn
Synallactes samyni,19743628,SEACUCUMBERS,DD,NA,iucn
Synallactes triplax,19716454,SEACUCUMBERS,DD,NA,iucn
Synallactes viridilimus,180422,SEACUCUMBERS,DD,NA,iucn
Takifugu basilevskianus,193781,PUFFERFISH,DD,NA,iucn
Tetrodon basilevskianus,193781,PUFFERFISH,DD,NA,iucn
Takifugu variomaculatus,193680,PUFFERFISH,DD,NA,iucn
Tetraodon implutus,193721,PUFFERFISH,DD,NA,iucn
Tetrapturus illingworthi,170315,TUNAS_BILLFISHES,DD,NA,iucn
Tetrapturus kraussi,170315,TUNAS_BILLFISHES,DD,NA,iucn
Thalassoma septemfasciatum,187486,WRASSE,DD,NA,iucn
Thaumastochelopsis brucei,184992,LOBSTERS,DD,NA,iucn
Thaumastochelopsis wardi,170074,LOBSTERS,DD,NA,iucn
Thelenota rubralineata,180285,SEACUCUMBERS,DD,NA,iucn
Thenus australiensis,185075,LOBSTERS,DD,NA,iucn
Thenus indicus,185014,LOBSTERS,DD,NA,iucn
Thenus parindicus,185056,LOBSTERS,DD,NA,iucn
Thenus unimaculatus,185092,LOBSTERS,DD,NA,iucn
Thymopides laurentae,185004,LOBSTERS,DD,NA,iucn
Wetmorella tanakai,187449,WRASSE,DD,NA,iucn
Willemoesia forceps,185082,LOBSTERS,DD,NA,iucn
Willemoesia inornata,185094,LOBSTERS,DD,NA,iucn
Xyrichtys koteamea,187469,WRASSE,DD,NA,iucn
Xyrichtys rajagopalani,187376,WRASSE,DD,NA,iucn
Xyrichtys sciistius,187686,WRASSE,DD,NA,iucn
