iucn_sid,sciname,spp_group,cat,pct
3764,Canthigaster rapaensis,PUFFERFISH,gap,0
4131,Centropyge resplendens,ANGELFISH,gap,0
4363,Chaetodon obliquus,BUTTERFLYFISH,gap,0
4363,Prognathodes obliquus,BUTTERFLYFISH,gap,0
5270,Conus cepasi,CONESNAILS,gap,0
5272,Conus nobrei,CONESNAILS,gap,0
5273,Conus zebroides,CONESNAILS,gap,0
11369,Laticauda crockeri,REPTILES,gap,0
17028,Phocoena sinus,MARINE_MAMMALS,gap,0
21689,Thalassoma ascensionis,WRASSE,gap,0
21689,Julis ascensionis,WRASSE,gap,0
21689,Julis lessonii,WRASSE,gap,0
22102,Trichechus inunguis,MARINE_MAMMALS,gap,0
40711,Stegastes sanctipauli,DAMSELFISH,gap,0
40711,Stegastes santipaule,DAMSELFISH,gap,0
40711,Stegastes santipauli,DAMSELFISH,gap,0
64398,Epinephelus clippertonensis,GROUPERS,gap,0
64405,Epinephelus suborbitalis,GROUPERS,gap,0
132982,Montigyra kenti,CORALS_Part1,gap,0
133121,Siderastrea glynni,CORALS_Part1,gap,0
133454,Montipora pachytuberculata,CORALS_Part3,gap,0
154719,Paracheilinus togeanensis,WRASSE,gap,0
165675,Chaetodon smithi,BUTTERFLYFISH,gap,0
165675,Chaetodon hemichrysus,BUTTERFLYFISH,gap,0
165827,Genicanthus takeuchii,ANGELFISH,gap,0
165836,Holacanthus limbaughi,ANGELFISH,gap,0
169676,Chaetodontoplus vanderloosi,ANGELFISH,gap,0
169977,Nephropsis malhaensis,LOBSTERS,gap,0
169980,Jasus paulensis,LOBSTERS,gap,0
169995,Parribacus holthuisi,LOBSTERS,gap,0
170003,Metanephrops japonicus,LOBSTERS,gap,0
170003,Metanephrops armatus,LOBSTERS,gap,0
170019,Metanephrops sinensis,LOBSTERS,gap,0
170021,Metanephrops binghami,LOBSTERS,gap,0
170033,Palibythus magnificus,LOBSTERS,gap,0
170036,NA,NA,gap,0
170040,Metanephrops arafurensis,LOBSTERS,gap,0
170042,Projasus parkeri,LOBSTERS,gap,0
170046,Palinurus charlestoni,LOBSTERS,gap,0
170047,Palinustus mossambicus,LOBSTERS,gap,0
170065,Linuparus somniosus,LOBSTERS,gap,0
170069,Nephropsis carpenteri,LOBSTERS,gap,0
170085,Eunephrops bairdii,LOBSTERS,gap,0
170091,Panulirus brunneiflagellum,LOBSTERS,gap,0
170209,Diplodus fasciatus,SEABREAMS_PORGIES,gap,0
170209,Sargus fasciatus,SEABREAMS_PORGIES,gap,0
170211,Diplodus prayensis,SEABREAMS_PORGIES,gap,0
170246,Virididentex acromegalus,SEABREAMS_PORGIES,gap,0
170246,Dentex acromegalus,SEABREAMS_PORGIES,gap,0
170246,Sparus acromegalus,SEABREAMS_PORGIES,gap,0
173326,Halophila sulawesii,SEAGRASSES,gap,0
173334,Halodule ciliata,SEAGRASSES,gap,0
176716,Enhydrina zweifeli,REPTILES,gap,0
176730,Hydrophis czeblukovi,REPTILES,gap,0
176730,Hydrophis geometricus,REPTILES,gap,0
176730,Leioselasma czeblukovi,REPTILES,gap,0
176739,Laticauda guineai,REPTILES,gap,0
176740,Laticauda schistorhynchus,REPTILES,gap,0
176740,Platurus schistorhynchus,REPTILES,gap,0
176740,Pseudolaticauda schistorhynchus,REPTILES,gap,0
177966,Acanthurus chronixis,SURGEONFISH_TANGS_UNICORNFISH,gap,0
180121,Cirripectes viriosus,COMBTOOTHBLENNIES,gap,0
180122,Ecsenius dilemma,COMBTOOTHBLENNIES,gap,0
180126,Plagiotremus iosodon,COMBTOOTHBLENNIES,gap,0
180209,Pseudostichopus aemaulatus,SEACUCUMBERS,gap,0
180234,Holothuria vemae,SEACUCUMBERS,gap,0
180247,Holothuria zihuatanensis,SEACUCUMBERS,gap,0
180253,Molpadiodemas helios,SEACUCUMBERS,gap,0
180256,Bathyplotes punctatus,SEACUCUMBERS,gap,0
180264,Holothuria cavans,SEACUCUMBERS,gap,0
180294,Molpadiodemas translucens,SEACUCUMBERS,gap,0
180303,Bohadschia mitsioensis,SEACUCUMBERS,gap,0
180343,Holothuria brauni,SEACUCUMBERS,gap,0
180379,Mesothuria triradiata,SEACUCUMBERS,gap,0
180428,Holothuria bacilla,SEACUCUMBERS,gap,0
180464,Bathyplotes spuma,SEACUCUMBERS,gap,0
180466,Holothuria turrisimperfecta,SEACUCUMBERS,gap,0
180467,Molpadiodemas constrictus,SEACUCUMBERS,gap,0
180527,Molpadiodemas crinitus,SEACUCUMBERS,gap,0
180536,Molpadiodemas pediculus,SEACUCUMBERS,gap,0
180546,Mesothuria milleri,SEACUCUMBERS,gap,0
183373,Blenniolus proteus,COMBTOOTHBLENNIES,gap,0
183373,Hypsoblennius proteus,COMBTOOTHBLENNIES,gap,0
183625,Halichoeres insularis,WRASSE,gap,0
183703,Thalassoma robertsoni,WRASSE,gap,0
183739,Xyrichtys wellingtoni,WRASSE,gap,0
183961,Stegastes baldwini,DAMSELFISH,gap,0
184986,Galearctus rapanus,LOBSTERS,gap,0
184996,Stereomastis panglao,LOBSTERS,gap,0
185004,Thymopides laurentae,LOBSTERS,gap,0
185006,Eduarctus marginatus,LOBSTERS,gap,0
185008,Palinurus barbarae,LOBSTERS,gap,0
185011,Enoplometopus chacei,LOBSTERS,gap,0
185028,Eduarctus perspicillatus,LOBSTERS,gap,0
185033,Stereomastis evexa,LOBSTERS,gap,0
185043,Laurentaeglyphea neocaledonica,LOBSTERS,gap,0
185047,Enoplometopus macrodontus,LOBSTERS,gap,0
185055,Homeryon asper,LOBSTERS,gap,0
185078,Chelarctus crosnieri,LOBSTERS,gap,0
185079,Homeryon armarium,LOBSTERS,gap,0
185085,Jasus caveorum,LOBSTERS,gap,0
185136,Parablennius salensis,COMBTOOTHBLENNIES,gap,0
185139,Scartella itajobi,COMBTOOTHBLENNIES,gap,0
185147,Scartella poiti,COMBTOOTHBLENNIES,gap,0
185151,Lipophrys caboverdensis,COMBTOOTHBLENNIES,gap,0
185151,Microlipophrys caboverdensis,COMBTOOTHBLENNIES,gap,0
185163,Blennius nuchifilis,COMBTOOTHBLENNIES,gap,0
185163,Scartella nuchifilis,COMBTOOTHBLENNIES,gap,0
185166,Scartella caboverdiana,COMBTOOTHBLENNIES,gap,0
185178,Bathyblennius antholops,COMBTOOTHBLENNIES,gap,0
185178,Blennius antholops,COMBTOOTHBLENNIES,gap,0
187391,Bodianus thoracotaeniatus,WRASSE,gap,0
187464,Julis newtoni,WRASSE,gap,0
187464,Thalassoma newtoni,WRASSE,gap,0
187500,Thalassoma heiseri,WRASSE,gap,0
187501,Cirrhilabrus aurantidorsalis,WRASSE,gap,0
187508,Pseudolabrus torotai,WRASSE,gap,0
187540,Cirrhilabrus piscilineatus,WRASSE,gap,0
187540,Paracheilinus piscilineatus,WRASSE,gap,0
187550,Lappanella guineensis,WRASSE,gap,0
187557,Pictilabrus brauni,WRASSE,gap,0
187579,Clepticus africanus,WRASSE,gap,0
187590,Cirrhilabrus sanguineus,WRASSE,gap,0
187608,Halichoeres burekae,WRASSE,gap,0
187616,Halichoeres pelicieri,WRASSE,gap,0
187676,Frontilabrus caeruleus,WRASSE,gap,0
187742,Cirrhilabrus beauperryi,WRASSE,gap,0
187770,Cirrhilabrus walindi,WRASSE,gap,0
187776,Pseudojuloides xanthomos,WRASSE,gap,0
187778,Suezichthys russelli,WRASSE,gap,0
187788,Cirrhilabrus joanallenae,WRASSE,gap,0
187790,Halichoeres leptotaenia,WRASSE,gap,0
187811,Anampses rubroviridis,WRASSE,gap,0
187811,Anampses viridis,WRASSE,gap,0
188376,Chromis lubbocki,DAMSELFISH,gap,0
188572,Stegastes lubbocki,DAMSELFISH,gap,0
190716,Scarus obishime,WRASSE,gap,0
192253,Conus bondarevi,CONESNAILS,gap,0
192255,Conus sahlbergi,CONESNAILS,gap,0
192257,Conus biancae,CONESNAILS,gap,0
192261,Conus smirna,CONESNAILS,gap,0
192283,Conus alexandrinus,CONESNAILS,gap,0
192283,Conus bulbus,CONESNAILS,gap,0
192283,Conus lineopunctatus,CONESNAILS,gap,0
192283,Conus negroides,CONESNAILS,gap,0
192284,Conus luquei,CONESNAILS,gap,0
192286,Conus lugubris,CONESNAILS,gap,0
192287,Conus melissae,CONESNAILS,gap,0
192288,Conus isabelarum,CONESNAILS,gap,0
192292,Conus frausseni,CONESNAILS,gap,0
192293,Conus naranjus,CONESNAILS,gap,0
192301,Conus papuensis,CONESNAILS,gap,0
192306,Conus boavistensis,CONESNAILS,gap,0
192325,Conus pseudocardinalis,CONESNAILS,gap,0
192329,Conus fantasmalis,CONESNAILS,gap,0
192332,Conus solomonensis,CONESNAILS,gap,0
192336,Conus serranegrae,CONESNAILS,gap,0
192343,Conus trencarti,CONESNAILS,gap,0
192344,Conus sartii,CONESNAILS,gap,0
192348,Conus curralensis,CONESNAILS,gap,0
192349,Conus terryni,CONESNAILS,gap,0
192350,Conus decoratus,CONESNAILS,gap,0
192354,Conus kersteni,CONESNAILS,gap,0
192368,Conus evorai,CONESNAILS,gap,0
192381,Africonus antoniomonteiroi,CONESNAILS,gap,0
192381,Conus antoniomonteiroi,CONESNAILS,gap,0
192401,Conus pacei,CONESNAILS,gap,0
192403,Africonus cuneolus,CONESNAILS,gap,0
192403,Conus cuneolus,CONESNAILS,gap,0
192412,Conus henckesi,CONESNAILS,gap,0
192418,Conus chytreus,CONESNAILS,gap,0
192432,Conus auratinus,CONESNAILS,gap,0
192434,Conus nigromaculatus,CONESNAILS,gap,0
192438,Conus felitae,CONESNAILS,gap,0
192439,Conus schirrmeisteri,CONESNAILS,gap,0
192445,Conus leekremeri,CONESNAILS,gap,0
192450,Conus echo,CONESNAILS,gap,0
192455,Conus venulatus,CONESNAILS,gap,0
192457,Conus primus,CONESNAILS,gap,0
192461,Conus claudiae,CONESNAILS,gap,0
192466,Conus angioiorum,CONESNAILS,gap,0
192467,Conus gabrielae,CONESNAILS,gap,0
192469,Conus derrubado,CONESNAILS,gap,0
192472,Conus miruchae,CONESNAILS,gap,0
192475,Conus josephinae,CONESNAILS,gap,0
192485,Conus navarroi,CONESNAILS,gap,0
192486,Conus roeckeli,CONESNAILS,gap,0
192491,Conus escondidai,CONESNAILS,gap,0
192495,Conus trovaoi,CONESNAILS,gap,0
192500,Conus borgesi,CONESNAILS,gap,0
192501,Conus tenuilineatus,CONESNAILS,gap,0
192503,Conus thevenardensis,CONESNAILS,gap,0
192516,Conus variegatus,CONESNAILS,gap,0
192523,Conus atlanticoselvagem,CONESNAILS,gap,0
192530,Conus teodorae,CONESNAILS,gap,0
192535,Conus curassaviensis,CONESNAILS,gap,0
192540,Conus andremenezi,CONESNAILS,gap,0
192544,Conus crotchii,CONESNAILS,gap,0
192548,Conus guttatus,CONESNAILS,gap,0
192548,Conus neoguttatus,CONESNAILS,gap,0
192554,Conus bozzettii,CONESNAILS,gap,0
192571,Conus infinitus,CONESNAILS,gap,0
192572,Africonus fontonae,CONESNAILS,gap,0
192572,Conus fontonae,CONESNAILS,gap,0
192574,Conus peli,CONESNAILS,gap,0
192577,Conus pseudonivifer,CONESNAILS,gap,0
192584,Conus diminutus,CONESNAILS,gap,0
192594,Conus allaryi,CONESNAILS,gap,0
192596,Conus vulcanus,CONESNAILS,gap,0
192602,Conus salreiensis,CONESNAILS,gap,0
192610,Conus saragasae,CONESNAILS,gap,0
192626,Conus mordeirae,CONESNAILS,gap,0
192631,Conus damottai,CONESNAILS,gap,0
192650,Conus pseudoaurantius,CONESNAILS,gap,0
192657,Conus lindae,CONESNAILS,gap,0
192658,Conus richardbinghami,CONESNAILS,gap,0
192673,Conus aculeiformis,CONESNAILS,gap,0
192673,Conus delicatus,CONESNAILS,gap,0
192698,Conus rawaiensis,CONESNAILS,gap,0
192702,Conus maioensis,CONESNAILS,gap,0
192703,Conus trochulus,CONESNAILS,gap,0
192717,Conus bellulus,CONESNAILS,gap,0
192720,Conus micropunctatus,CONESNAILS,gap,0
192721,Conus messiasi,CONESNAILS,gap,0
192726,Conus verdensis,CONESNAILS,gap,0
192742,Conus raulsilvai,CONESNAILS,gap,0
192744,Conus ateralbus,CONESNAILS,gap,0
192750,Conus moylani,CONESNAILS,gap,0
192756,Conus evansi,CONESNAILS,gap,0
192768,Conus armillatus,CONESNAILS,gap,0
192768,Conus hieroglyphus,CONESNAILS,gap,0
192771,Conus crioulus,CONESNAILS,gap,0
192785,Africonus regonae,CONESNAILS,gap,0
192785,Conus regonae,CONESNAILS,gap,0
192791,Conus helgae,CONESNAILS,gap,0
192802,Conus dondani,CONESNAILS,gap,0
192808,Conus grahami,CONESNAILS,gap,0
192821,Conus lizarum,CONESNAILS,gap,0
192823,Conus fernandesi,CONESNAILS,gap,0
192826,Conus gordyi,CONESNAILS,gap,0
192841,Conus iberogermanicus,CONESNAILS,gap,0
192841,Conus irregularis,CONESNAILS,gap,0
192846,Conus gabryae,CONESNAILS,gap,0
192850,Conus pacificus,CONESNAILS,gap,0
192854,Conus jourdani,CONESNAILS,gap,0
192858,Conus fuscoflavus,CONESNAILS,gap,0
192877,Conus franciscoi,CONESNAILS,gap,0
193601,Canthigaster flavoreticulata,PUFFERFISH,gap,0
193620,Sphoeroides andersonianus,PUFFERFISH,gap,0
193654,Takifugu plagiocellatus,PUFFERFISH,gap,0
193780,Canthigaster punctata,PUFFERFISH,gap,0
193781,Takifugu basilevskianus,PUFFERFISH,gap,0
193781,Tetrodon basilevskianus,PUFFERFISH,gap,0
194306,Pterothrissus gissu,BONEFISH_TARPONS,gap,0
15307967,Conus denizi,CONESNAILS,gap,0
15307971,Conus delanoyae,CONESNAILS,gap,0
15307973,Conus bellocqae,CONESNAILS,gap,0
15307975,Conus furnae,CONESNAILS,gap,0
15307979,Conus calhetae,CONESNAILS,gap,0
15307981,Conus pseudocuneolus,CONESNAILS,gap,0
19710984,Holothuria manningi,SEACUCUMBERS,gap,0
19711938,Apostichopus multidentis,SEACUCUMBERS,gap,0
19715765,Bathyplotes roseus,SEACUCUMBERS,gap,0
19717202,Benthothuria cristata,SEACUCUMBERS,gap,0
19717334,Benthothuria distorta,SEACUCUMBERS,gap,0
19720058,Mesothuria multipora,SEACUCUMBERS,gap,0
19720743,Mesothuria oktaknemoides,SEACUCUMBERS,gap,0
19725134,Paroriza verrucosa,SEACUCUMBERS,gap,0
19743072,Perizona magna,SEACUCUMBERS,gap,0
19743226,Synallactes discoidalis,SEACUCUMBERS,gap,0
19743348,Synallactes multivesiculatus,SEACUCUMBERS,gap,0
19743604,Synallactes sagamiensis,SEACUCUMBERS,gap,0
19743767,Mesothuria thomsoni,SEACUCUMBERS,gap,0
19743767,Zygothuria thomsoni,SEACUCUMBERS,gap,0
42830689,Conus longilineus,CONESNAILS,gap,0
47407760,Canthigaster criobe,PUFFERFISH,gap,0
48342141,Omobranchus steinitzi,COMBTOOTHBLENNIES,gap,0
48342143,Rhabdoblennius papuensis,COMBTOOTHBLENNIES,gap,0
48342198,Ecsenius collettei,COMBTOOTHBLENNIES,gap,0
48342200,Petroscirtes marginatus,COMBTOOTHBLENNIES,gap,0
48342206,Ecsenius prooculis,COMBTOOTHBLENNIES,gap,0
48342288,Medusablennius chani,COMBTOOTHBLENNIES,gap,0
48342342,Praealticus natalis,COMBTOOTHBLENNIES,gap,0
48342342,Salarias natalis,COMBTOOTHBLENNIES,gap,0
48342345,Ecsenius niue,COMBTOOTHBLENNIES,gap,0
48342357,Mimoblennius lineathorax,COMBTOOTHBLENNIES,gap,0
48342372,Ecsenius minutus,COMBTOOTHBLENNIES,gap,0
48342373,Meiacanthus vittatus,COMBTOOTHBLENNIES,gap,0
48342396,Ophioblennius clippertonensis,COMBTOOTHBLENNIES,gap,0
48342414,Entomacrodus textilis,COMBTOOTHBLENNIES,gap,0
48342414,Salarias textilis,COMBTOOTHBLENNIES,gap,0
48342416,Meiacanthus fraseri,COMBTOOTHBLENNIES,gap,0
48342504,Ecsenius taeniatus,COMBTOOTHBLENNIES,gap,0
17026,Phocarctos hookeri,MARINE_MAMMALS,>10%,0.115030875840735
63852,Nerodia clarkii,REPTILES,>10%,0.366995883388666
63852,Nerodia fasciata,REPTILES,>10%,0.366995883388666
64408,Epinephelus undulatostriatus,GROUPERS,>10%,0.13625931612414
64408,Epinephelus undulotostriatus,GROUPERS,>10%,0.13625931612414
64408,Serranus guttulatus,GROUPERS,>10%,0.13625931612414
64408,Serranus undulatostriatus,GROUPERS,>10%,0.13625931612414
133270,Porites myrmidonensis,CORALS_Part1,>10%,0.162398989711455
133681,Acropora torresiana,CORALS_Part3,>10%,0.207246293624901
154701,Pseudolabrus luculentus,WRASSE,>10%,0.16699919045709
154701,Labrichthys luculenta,WRASSE,>10%,0.16699919045709
154701,Labrus luculentus,WRASSE,>10%,0.16699919045709
154701,Tautoga luculenta,WRASSE,>10%,0.16699919045709
154720,Suezichthys bifurcatus,WRASSE,>10%,0.145400046256133
154841,Dotalabrus alleni,WRASSE,>10%,0.200915064867681
154891,Cirrhilabrus lineatus,WRASSE,>10%,0.288968850666371
154920,Chrysiptera flavipinnis,DAMSELFISH,>10%,0.155697321866456
154920,Abudefduf flavipinnis,DAMSELFISH,>10%,0.155697321866456
154920,Chrysiptera flavipinna,DAMSELFISH,>10%,0.155697321866456
154920,Glyphidodontops flavipinnis,DAMSELFISH,>10%,0.155697321866456
154946,Scomberomorus queenslandicus,TUNAS_BILLFISHES,>10%,0.145142552524309
165682,Amphichaetodon howensis,BUTTERFLYFISH,>10%,0.114703460476979
165682,Chaetodon howensis,BUTTERFLYFISH,>10%,0.114703460476979
165687,Chaetodon tricinctus,BUTTERFLYFISH,>10%,0.326742872298351
165706,Chelmonops curiosus,BUTTERFLYFISH,>10%,0.105681770622122
165710,Chaetodon assarius,BUTTERFLYFISH,>10%,0.129228543258843
165717,Chaetodon rainfordi,BUTTERFLYFISH,>10%,0.171350716331616
165847,Chaetodontoplus ballinae,ANGELFISH,>10%,0.623078573695213
165866,Genicanthus semicinctus,ANGELFISH,>10%,0.378906208655262
165866,Holacanthus semicinctus,ANGELFISH,>10%,0.378906208655262
165870,Chaetodontoplus conspicillatus,ANGELFISH,>10%,0.12865848559696
165870,Holacanthus conspicillatus,ANGELFISH,>10%,0.12865848559696
165891,Chaetodontoplus meredithi,ANGELFISH,>10%,0.207716430984095
169956,Thymopides grobovi,LOBSTERS,>10%,0.175796006106467
169985,Nephropsis acanthura,LOBSTERS,>10%,0.127689382411966
170050,Metanephrops boschmai,LOBSTERS,>10%,0.158351147564682
170053,Metanephrops sibogae,LOBSTERS,>10%,0.128897823191914
170064,Metanephrops velutinus,LOBSTERS,>10%,0.126488002764588
170074,Thaumastochelopsis wardi,LOBSTERS,>10%,0.138635951894217
170092,Nephropsis sulcata,LOBSTERS,>10%,0.107979372827791
170308,Grammatorcynus bicarinatus,TUNAS_BILLFISHES,>10%,0.170165779023236
170308,Grammatorycnus bicarinatus,TUNAS_BILLFISHES,>10%,0.170165779023236
170308,Thynnus bicarinatus,TUNAS_BILLFISHES,>10%,0.170165779023236
170321,Cybiosarda elegans,TUNAS_BILLFISHES,>10%,0.102067289036021
170321,Scomberomorus elegans,TUNAS_BILLFISHES,>10%,0.102067289036021
170330,Scomberomorus munroi,TUNAS_BILLFISHES,>10%,0.137775447957396
170337,Scomberomorus semifasciatus,TUNAS_BILLFISHES,>10%,0.124624871264161
170337,Cybium semifasciatum,TUNAS_BILLFISHES,>10%,0.124624871264161
170337,Cybium tigris,TUNAS_BILLFISHES,>10%,0.124624871264161
170347,Scomberomorus multiradiatus,TUNAS_BILLFISHES,>10%,0.117326218603911
173321,Posidonia kirkmanii,SEAGRASSES,>10%,0.228960593318251
173349,Posidonia sinuosa,SEAGRASSES,>10%,0.120404623957445
173350,Posidonia denhartogii,SEAGRASSES,>10%,0.122437565135376
173360,Amphibolis griffithii,SEAGRASSES,>10%,0.110194212687736
173365,Halophila capricorni,SEAGRASSES,>10%,0.256174122191894
173369,Posidonia coriacea,SEAGRASSES,>10%,0.111657377217083
173369,Posidonia robertsoniae,SEAGRASSES,>10%,0.111657377217083
173377,Ruppia tuberosa,SEAGRASSES,>10%,0.12733610036356
173379,Posidonia ostenfeldii,SEAGRASSES,>10%,0.228960593318251
173380,Zostera polychlamys,SEAGRASSES,>10%,0.111317678916781
173383,Thalassodendron pachyrhizum,SEAGRASSES,>10%,0.12120403211873
176720,Emydocephalus annulatus,REPTILES,>10%,0.132730822219151
176720,Aipysurus chelonicephalus,REPTILES,>10%,0.132730822219151
176720,Emydocephalus tuberculatus,REPTILES,>10%,0.132730822219151
176727,Hydrophis ornatus,REPTILES,>10%,0.120183835246788
176727,Hydrophis ocellatus,REPTILES,>10%,0.120183835246788
176748,Aipysurus duboisii,REPTILES,>10%,0.101810430825686
176748,Aipysurus australis,REPTILES,>10%,0.101810430825686
176748,Pelagophis lubricus,REPTILES,>10%,0.101810430825686
176761,Disteira kingii,REPTILES,>10%,0.112290091935384
176761,Hydrophis kingii,REPTILES,>10%,0.112290091935384
178007,Acanthurus albipectoralis,SURGEONFISH_TANGS_UNICORNFISH,>10%,0.132535856291071
178016,Prionurus microlepidotus,SURGEONFISH_TANGS_UNICORNFISH,>10%,0.172509705841201
178025,Prionurus maculatus,SURGEONFISH_TANGS_UNICORNFISH,>10%,0.111589943931523
180219,Holothuria rowei,SEACUCUMBERS,>10%,0.137876777013241
180270,Holothuria tripilata,SEACUCUMBERS,>10%,0.177009577885637
180283,Holothuria hartmeyeri,SEACUCUMBERS,>10%,0.109142790947767
180447,Holothuria macroperona,SEACUCUMBERS,>10%,0.109142790947767
180475,Benthothuria appendiculata,SEACUCUMBERS,>10%,0.200879528258656
180475,Paelopatides appendiculata,SEACUCUMBERS,>10%,0.200879528258656
183519,Halichoeres malpelo,WRASSE,>10%,0.195739998429328
183582,Halichoeres discolor,WRASSE,>10%,0.11342244627377
184992,Thaumastochelopsis brucei,LOBSTERS,>10%,0.515341494955287
185021,Ibacus chacei,LOBSTERS,>10%,0.105215558082845
185069,Stereomastis galil,LOBSTERS,>10%,0.135592141502388
185069,Polycheles galil,LOBSTERS,>10%,0.135592141502388
185071,Polycheles kermadecensis,LOBSTERS,>10%,0.185079570019208
185073,Polycheles aculeatus,LOBSTERS,>10%,0.122486886036706
185073,Stereomastis aculeata,LOBSTERS,>10%,0.122486886036706
187388,Macropharyngodon choati,WRASSE,>10%,0.112154808741253
187392,Coris aygula,WRASSE,>10%,0.291609939592046
187392,Coris bulbifrons,WRASSE,>10%,0.291609939592046
187427,Cirrhilabrus bathyphilus,WRASSE,>10%,0.576620542141552
187439,Cirrhilabrus laboutei,WRASSE,>10%,0.226640192406908
187439,Cirrhilabrus labouti,WRASSE,>10%,0.226640192406908
187453,Anampses elegans,WRASSE,>10%,0.163434888864362
187453,Anampses variolatus,WRASSE,>10%,0.163434888864362
187511,Choerodon fasciatus,WRASSE,>10%,0.169018462784096
187511,Lienardella fasciata,WRASSE,>10%,0.169018462784096
187511,Xiphochilus fasciatus,WRASSE,>10%,0.169018462784096
187529,Choerodon frenatus,WRASSE,>10%,0.158720452433762
187533,Pseudolabrus guentheri,WRASSE,>10%,0.101304119435065
187533,Labrichthys australis,WRASSE,>10%,0.101304119435065
187533,Labrichthys cruentatus,WRASSE,>10%,0.101304119435065
187533,Labrichthys dorsalis,WRASSE,>10%,0.101304119435065
187533,Labrichthys dux,WRASSE,>10%,0.101304119435065
187533,Labrichthys guntheri,WRASSE,>10%,0.101304119435065
187533,Labrichthys maculatus,WRASSE,>10%,0.101304119435065
187533,Labrichthys melanura,WRASSE,>10%,0.101304119435065
187533,Labrichthys rex,WRASSE,>10%,0.101304119435065
187533,Labrichthys sexlineatus,WRASSE,>10%,0.101304119435065
187533,Pseudolabrus dorsalis,WRASSE,>10%,0.101304119435065
187533,Pseudolabrus melanurus,WRASSE,>10%,0.101304119435065
187542,Labrichthys biserialis,WRASSE,>10%,0.15459142259541
187542,Pseudolabrus biserialis,WRASSE,>10%,0.15459142259541
187543,Cirrhilabrus cenderawasih,WRASSE,>10%,0.187073439199754
187553,Bodianus vulpinus,WRASSE,>10%,0.132734994217686
187553,Cossyphus vulpinus,WRASSE,>10%,0.132734994217686
187629,Xyrichtys pastellus,WRASSE,>10%,0.659361671347501
187630,Pictilabrus viridis,WRASSE,>10%,0.189071549244524
187633,Notolabrus gymnogenis,WRASSE,>10%,0.2580610856536
187633,Labrichthys gymnogenis,WRASSE,>10%,0.2580610856536
187633,Labrichthys nigromarginatus,WRASSE,>10%,0.2580610856536
187633,Pseudolabrus cyprinaceous,WRASSE,>10%,0.2580610856536
187633,Pseudolabrus gymnogenis,WRASSE,>10%,0.2580610856536
187633,Pseudolabrus nigromarginatus,WRASSE,>10%,0.2580610856536
187665,Labrichthys inscripta,WRASSE,>10%,0.131240555614206
187665,Labrus inscriptus,WRASSE,>10%,0.131240555614206
187665,Notolabrus inscriptus,WRASSE,>10%,0.131240555614206
187665,Pseudolabrus inscriptus,WRASSE,>10%,0.131240555614206
187665,Tautoga inscripta,WRASSE,>10%,0.131240555614206
187734,Choerodon venustus,WRASSE,>10%,0.141175592195659
187734,Choerops venustus,WRASSE,>10%,0.141175592195659
187761,Choerojulis brownfieldi,WRASSE,>10%,0.153912399148753
187761,Halichoeres brownfieldi,WRASSE,>10%,0.153912399148753
187764,Coris auricularis,WRASSE,>10%,0.141531646732044
187764,Julis auricularis,WRASSE,>10%,0.141531646732044
187773,Coris rex,WRASSE,>10%,0.108601796663768
187773,Coris sandageri,WRASSE,>10%,0.108601796663768
187773,Coris sandeyeri,WRASSE,>10%,0.108601796663768
187773,Coris trimaculata,WRASSE,>10%,0.108601796663768
187773,Cymolutes sandeyeri,WRASSE,>10%,0.108601796663768
187789,Pseudocoris aequalis,WRASSE,>10%,1
187807,Bodianus flavifrons,WRASSE,>10%,0.1643792833358
187813,Suezichthys arquatus,WRASSE,>10%,0.155682859423684
187814,Iniistius jacksonensis,WRASSE,>10%,0.336918641357546
187814,Novacula jacksonensis,WRASSE,>10%,0.336918641357546
190769,Scarus longipinnis,WRASSE,>10%,0.14735273915482
192268,Conus coralinus,CONESNAILS,>10%,0.111320535915151
192268,Conus klemae,CONESNAILS,>10%,0.111320535915151
192308,Conus anemone,CONESNAILS,>10%,0.115101685442559
192397,Conus pealii,CONESNAILS,>10%,0.229277773999189
192400,Conus baileyi,CONESNAILS,>10%,0.11507618079835
192410,Conus albellus,CONESNAILS,>10%,0.117864993149151
192410,Conus limpusi,CONESNAILS,>10%,0.117864993149151
192441,Conus excelsus,CONESNAILS,>10%,0.125328482104931
192451,Conus sugimotonis,CONESNAILS,>10%,0.186634438393246
192601,Conus citrinus,CONESNAILS,>10%,0.230159783997696
192601,Conus cocceus,CONESNAILS,>10%,0.230159783997696
192681,Conus teramachii,CONESNAILS,>10%,0.119942777099105
192734,Conus binghamae,CONESNAILS,>10%,0.134546928030199
192753,Conus pergrandis,CONESNAILS,>10%,0.302307052776071
192851,Conus gabelishi,CONESNAILS,>10%,0.142558478164831
193600,Chelonodon dapsilis,PUFFERFISH,>10%,0.132764723991589
193636,Torquigener pleurogramma,PUFFERFISH,>10%,0.115344662535728
193636,Spheroides lacrimosus,PUFFERFISH,>10%,0.115344662535728
193636,Tetrodon pleurogramma,PUFFERFISH,>10%,0.115344662535728
193704,Torquigener altipinnis,PUFFERFISH,>10%,0.147006308761317
193704,Tetrodon altipinnis,PUFFERFISH,>10%,0.147006308761317
193741,Torquigener perlevis,PUFFERFISH,>10%,0.111245624771209
193741,Spheroides perlevis,PUFFERFISH,>10%,0.111245624771209
193784,Tetractenos hamiltoni,PUFFERFISH,>10%,0.17263393943301
193784,Tetrodon hamiltoni,PUFFERFISH,>10%,0.17263393943301
193784,Tetrodon insularum,PUFFERFISH,>10%,0.17263393943301
193803,Omegophora cyanopunctata,PUFFERFISH,>10%,0.114330860574023
19708780,Holothuria austrinabassa,SEACUCUMBERS,>10%,0.10115012049545
19715239,Bathyplotes baculosus,SEACUCUMBERS,>10%,0.183321800882383
19743044,Paelopatides ovalis,SEACUCUMBERS,>10%,0.303233637739489
48342191,Petroscirtes fallax,COMBTOOTHBLENNIES,>10%,0.133689949254211
48342207,Meiacanthus reticulatus,COMBTOOTHBLENNIES,>10%,0.490268374867845
48342221,Entomacrodus solus,COMBTOOTHBLENNIES,>10%,0.182579564489112
48342294,Meiacanthus cyanopterus,COMBTOOTHBLENNIES,>10%,0.21848146073645
48342303,Cirripectes chelomatus,COMBTOOTHBLENNIES,>10%,0.12947849264897
48342358,Omobranchus robertsi,COMBTOOTHBLENNIES,>10%,0.115476123025443
48342364,Ecsenius tigris,COMBTOOTHBLENNIES,>10%,0.851529245638174
48342394,Petroscirtes lupus,COMBTOOTHBLENNIES,>10%,0.14467791074618
48342394,Salarius lupus,COMBTOOTHBLENNIES,>10%,0.14467791074618
48342400,Praealticus poptae,COMBTOOTHBLENNIES,>10%,0.148268843038101
48342400,Rupiscartes poptae,COMBTOOTHBLENNIES,>10%,0.148268843038101
48342417,Meiacanthus lineatus,COMBTOOTHBLENNIES,>10%,0.122974290708277
48342417,Petroscirtes lineatus,COMBTOOTHBLENNIES,>10%,0.122974290708277
48342455,Parablennius postoculomaculatus,COMBTOOTHBLENNIES,>10%,0.100363651937514
48342535,Ecsenius mandibularis,COMBTOOTHBLENNIES,>10%,0.142604127369639
