sciname,obis_occ
Arctocephalus australis,1325
Arctocephalus galapagoensis,105
Arctocephalus gazella,25503
Arctocephalus philippii,46
Arctocephalus pusillus,2956
Arctocephalus townsendi,45
Arctocephalus tropicalis,84
Balaena mysticetus,9402
Balaenoptera acutorostrata,14566
Balaenoptera borealis,10940
Balaenoptera edeni,889
Balaenoptera musculus,16700
Balaenoptera physalus,65735
Balaenoptera bonaerensis,497
Berardius arnuxii,21
Berardius bairdii,176
Callorhinus ursinus,2747
Caperea marginata,40
Caretta caretta,35155
Cephalorhynchus commersonii,607
Cephalorhynchus eutropia,NA
Cephalorhynchus heavisidii,65
Cephalorhynchus hectori,28
Chaetodon marleyi,100
Chaetodon robustus,692
Chelonia mydas,3494
Crocodylus acutus,2
Crocodylus porosus,6
Cystophora cristata,105
Delphinapterus leucas,4195
Delphinus delphis,31643
Delphinus capensis,31643
Dermochelys coriacea,12324
Dugong dugon,105
Enhydra lutris,3235
Epinephelus drummondhayi,159
Epinephelus lanceolatus,128
Epinephelus marginatus,1405
Hyporthodus nigritus,64
Hyporthodus niveatus,415
Epinephelus striatus,297
Eretmochelys imbricata,2061
Erignathus barbatus,1880
Eschrichtius robustus,4698
Eubalaena australis,7197
Eumetopias jubatus,763
Feresa attenuata,201
Globicephala macrorhynchus,2180
Globicephala melas,7017
Grampus griseus,6504
Halichoerus grypus,4039
Hydrurga leptonyx,761
Hyperoodon planifrons,71
Kogia sima,986
Lachnolaimus maximus,2579
Lagenodelphis hosei,142
Lagenorhynchus acutus,7081
Lagenorhynchus albirostris,2581
Lagenorhynchus australis,280
Lagenorhynchus cruciger,104
Lagenorhynchus obliquidens,1773
Lagenorhynchus obscurus,250
Lagocephalus gloveri,38
Lepidochelys olivacea,4442
Leptonychotes weddellii,27501
Lissodelphis borealis,795
Lithognathus lithognathus,947
Lobodon carcinophaga,55069
Lutra lutra,5
Megaptera novaeangliae,35782
Mesoplodon bidens,188
Mesoplodon carlhubbsi,NA
Mesoplodon europaeus,108
Mesoplodon ginkgodens,2
Mesoplodon grayi,30
Mesoplodon hectori,1
Mesoplodon layardii,95
Mesoplodon mirus,23
Mesoplodon peruvianus,40
Mesoplodon stejnegeri,1
Mirounga angustirostris,5906
Mirounga leonina,234471
Monachus monachus,2
Neomonachus schauinslandi,NA
Monodon monoceros,232
Mycteroperca jordani,51
Mycteroperca microlepis,356
Mycteroperca olfax,1490
Mycteroperca prionura,22
Mycteroperca rosacea,156
Mycteroperca rubra,74
Neophoca cinerea,197
Odobenus rosmarus,3653
Ommatophoca rossii,1109
Orcaella brevirostris,71
Pagrus pagrus,5368
Peponocephala electra,223
Phoca vitulina,11197
Phocarctos hookeri,137
Phocoena phocoena,40994
Phocoena sinus,271
Phocoena spinipinnis,5
Phocoenoides dalli,6621
Pontoporia blainvillei,49
Pseudorca crassidens,1067
Scarus guacamaia,215
Scomberomorus concolor,67
Sousa chinensis,47
Stenella attenuata,4163
Stenella clymene,130
Stenella coeruleoalba,7911
Stenella frontalis,7579
Stenella longirostris,2197
Steno bredanensis,1028
Takifugu niphobles,42
Takifugu poecilonotus,43
Takifugu xanthopterus,14
Tasmacetus shepherdi,5
Thalassoma ascensionis,8
Thunnus alalunga,114165
Thunnus albacares,241296
Thunnus maccoyii,352
Thunnus obesus,120532
Thunnus thynnus,9287
Torquigener brevipinnis,17
Trichechus manatus,25121
Tursiops truncatus,46726
Xiphias gladius,196866
Ziphius cavirostris,1296
Dermatolepis inermis,39
Cephalopholis boenak,786
Cromileptes altivelis,306
Indopacetus pacificus,9
Arctocephalus forsteri,1267
Zalophus californianus,7339
Zalophus wollebaeki,61
Histriophoca fasciata,6
Pagophilus groenlandicus,609
Pusa hispida,5296
Eubalaena japonica,2002
Eubalaena glacialis,5139
Tursiops aduncus,553
Phocoena dioptrica,2
Physeter macrocephalus,52539
Mesoplodon perrini,NA
Mesoplodon traversii,1
Epinephelus akaara,22
Dermatolepis striolata,8
Epinephelus fuscoguttatus,157
Epinephelus coioides,336
Hyporthodus quernus,116
Epinephelus albomarginatus,2634
Epinephelus morio,1886
Mycteroperca tigris,242
Mycteroperca venenosa,190
Plectropomus leopardus,3270
Epinephelus cifuentesi,163
Epinephelus awoara,28
Epinephelus daemelii,128
Epinephelus malabaricus,214
Epinephelus polyphekadion,271
Bolbometopon muricatum,364
Epinephelus bruneus,33
Hyporthodus flavolimbatus,63
Epinephelus timorensis,2
Epinephelus tuamotuensis,2
Epinephelus undulatostriatus,149
Mycteroperca interstitialis,130
Plectropomus areolatus,79
Plectropomus laevis,807
Epinephelus aeneus,1818
Epinephelus maculatus,326
Cephalopholis aurantia,47
Epinephelus flavocaeruleus,238
Paranthias furcifer,130
Epinephelus summana,91
Mycteroperca phenax,1072
Hyporthodus acanthistius,142
Cephalopholis miniata,1589
Cephalopholis panamensis,388
Hyporthodus niphobles,86
Epinephelus latifasciatus,87
Epinephelus rivulatus,876
Cephalopholis leopardus,614
Variola louti,1366
Epinephelus undulosus,23
Cephalopholis sexmaculata,90
Cephalopholis nigri,35
Cephalopholis formosa,94
Epinephelus morrhua,78
Epinephelus melanostigma,191
Epinephelus spilotoceps,231
Epinephelus longispinis,83
Epinephelus stictus,3
Epinephelus coeruleopunctatus,174
Epinephelus bilobatus,2
Epinephelus polylepis,5
Alphestes immaculatus,208
Epinephelus radiatus,31
Epinephelus miliaris,25
Cephalopholis sonnerati,203
Epinephelus tauvina,300
Cephalopholis hemistiktos,37
Epinephelus faveatus,24
Cephalopholis cruentata,2842
Epinephelus costae,105
Epinephelus corallicola,119
Alphestes afer,64
Epinephelus goreensis,751
Epinephelus macrospilos,153
Dermatolepis dermatolepis,357
Epinephelus fasciatomaculosus,31
Gonioplectrus hispanus,34
Hyporthodus octofasciatus,22
Epinephelus tukula,79
Epinephelus areolatus,1091
Plectropomus pessuliferus,12
Plectropomus oligacanthus,49
Epinephelus diacanthus,43
Epinephelus hexagonatus,393
Cephalopholis oligosticta,4
Epinephelus sexfasciatus,658
Cephalopholis argus,6105
Cephalopholis aitha,12
Cephalopholis urodeta,5732
Epinephelus magniscuttis,11
Epinephelus erythrurus,20
Cephalopholis nigripinnis,72
Anyperodon leucogrammicus,186
Epinephelus merra,957
Cephalopholis microprion,201
Triso dermopterus,30
Cephalopholis igarashiensis,13
Epinephelus stoliczkae,11
Epinephelus retouti,82
Hyporthodus ergastularius,37
Epinephelus caninus,705
Epinephelus heniochus,28
Epinephelus quoyanus,333
Gracila albomarginata,2634
Plectropomus punctatus,25
Epinephelus poecilonotus,47
Cephalopholis polyspila,61
Epinephelus ongus,168
Cephalopholis polleni,22
Cephalopholis fulva,2722
Hyporthodus septemfasciatus,181
Cephalopholis cyanostigma,628
Variola albimarginata,133
Mycteroperca xenarcha,69
Epinephelus amblycephalus,82
Epinephelus bontoides,5
Epinephelus cyanopodus,44
Saloptia powelli,6
Epinephelus fasciatus,1833
Plectropomus maculatus,843
Epinephelus adscensionis,311
Cephalopholis taeniops,692
Paranthias colonus,462
Epinephelus chlorostigma,113
Cephalopholis spiloparaea,266
Epinephelus bleekeri,58
Hyporthodus mystacinus,44
Hyporthodus haifensis,5
Epinephelus howlandi,88
Mycteroperca acutirostris,59
Oulastrea crispata,38
Psammocora stellata,1658
Acropora prostrata,1357
Montipora angulata,126
Acropora florida,908
Pectinia elongata,3
Scolymia lacera,106
Pocillopora kelleheri,6
Leptoseris tubulifera,34
Fungia fralinae,11
Favia maxima,149
Pavona venosa,204
Goniastrea australensis,578
Colpophyllia natans,2578
Leptoseris hawaiiensis,209
Acropora seriata,9
Montipora hodgsoni,NA
Favia veroni,79
Symphyllia radians,413
Fungia puishani,931
Leptoseris solida,24
Acropora irregularis,148
Acropora rosaria,130
Acropora turaki,39
Pavona maldivensis,1035
Siderastrea stellata,55
Turbinaria irregularis,48
Gardineroseris planulata,224
Montastrea curta,2720
Pocillopora woodjonesi,41
Leptoseris striata,3
Pectinia lactuca,458
Acropora willisae,148
Acropora carduus,243
Acropora plumosa,32
Favia pallida,1067
Acropora acuminata,417
Indophyllia macassarensis,1
Montipora patula,10580
Porites colonensis,43
Acropora lianae,NA
Acropora macrostoma,1337
Turbinaria bifrons,152
Symphyllia erythraea,33
Manicina areolata,453
Euphyllia yaeyamaensis,NA
Halomitra clavator,6
Acropora listeri,148
Agaricia lamarcki,247
Acropora paniculata,287
Plerogyra discus,NA
Montipora stilosa,24
Leptoria phrygia,562
Leptastrea bottae,90
Acropora derawanensis,14
Echinopora gemmacea,392
Acropora longicyathus,603
Acropora multiacuta,117
Coscinaraea crassa,42
Acropora humilis,1692
Fungia seychellensis,43
Acropora ocellata,1692
Seriatopora stellata,29
Leptastrea bewickensis,144
Simplastrea vesicularis,NA
Acropora palmata,6615
Montipora malampaya,NA
Fungia spinifer,35
Pocillopora ankeli,7
Acropora grandis,628
Acropora minuta,NA
Acropora tenuis,1337
Porites lichen,1128
Merulina scabricula,157
Acropora vaughani,331
Mycedium mancaoi,33
Favia rotumana,261
Montipora effusa,15
Lobophyllia flabelliformis,34
Acropora pulchra,455
Fungia fragilis,153
Mycetophyllia reesi,37
Porites nigrescens,237
Psammocora digitata,199
Pocillopora ligulata,910
Anacropora spinosa,3
Scolymia cubensis,93
Favites halicora,496
Euphyllia paradivisa,NA
Echinophyllia echinata,84
Platygyra verweyi,199
Montipora florida,6
Montipora informis,373
Montastrea colemani,99
Montipora foliosa,265
Lobophyllia robusta,139
Acropora kirstyae,79
Porites lutea,1921
Barabattoia amicorum,207
Acropora subglabra,289
Echinopora lamellosa,929
Echinophyllia patula,2
Leptastrea purpurea,4189
Astreopora incrustans,4
Psammocora nierstraszi,496
Porites columnaris,23
Pocillopora danae,2742
Pocillopora elegans,96
Agaricia undata,66
Dichocoenia stokesii,NA
Acanthastrea hillae,187
Galaxea acrhelia,22
Ctenactis crassa,176
Montipora saudii,22
Acropora caroliniana,152
Montipora cactus,NA
Acropora retusa,122
Acropora latistella,1112
Siderastrea glynni,NA
Acropora plantaginea,37
Dendrogyra cylindrus,160
Acropora fenneri,NA
Symphyllia valenciennesii,80
Acropora pruinosa,3
Astreopora ocellata,62
Montipora friabilis,2
Acropora aspera,483
Acropora abrolhosensis,81
Montastraea annularis,8953
Isopora palifera,14
Cladocora caespitosa,84
Millepora alcicornis,1946
Stylocoeniella cocosensis,NA
Ctenactis echinata,224
Favia lacuna,22
Lobophyllia pachysepta,329
Scolymia vitiensis,182
Podabacia crustacea,494
Acropora austera,1015
Platygyra contorta,161
Oculina varicosa,79
Stylophora mamillata,21
Echinophyllia aspera,466
Montipora efflorescens,158
Coscinaraea exesa,102
Turbinaria patula,189
Montastrea annuligera,109
Isopora brueggemanni,512
Fungia granulosa,222
Mussismilia hispida,131
Montipora floweri,78
Oxypora glabra,59
Heliopora coerulea,462
Montipora digitata,200
Acropora appressa,42
Pocillopora verrucosa,2742
Oulophyllia crispa,468
Fungia scutaria,1411
Acropora tenella,9
Acropora roseni,23
Favites pentagona,639
Favia speciosa,442
Oculina diffusa,140
Lithophyllon undulatum,41
Fungia tenuis,120
Porites lobata,45076
Meandrina danae,1
Pachyseris foliosa,6
Nemenzophyllia turbida,2
Montipora caliculata,807
Pocillopora damicornis,4201
Acropora donei,371
Astreopora expansa,30
Diploastrea heliopora,571
Acropora kimbeensis,18
Galaxea paucisepta,2
Montastraea cavernosa,5703
Montipora hispida,226
Acropora nasuta,1538
Pavona clavus,401
Pavona frondifera,70
Favites flexuosa,522
Acanthastrea echinata,521
Acropora robusta,3671
Acropora digitifera,881
Stylophora wellsi,23
Acropora tortuosa,120
Blastomussa wellsi,37
Agaricia humilis,75
Euphyllia glabrescens,271
Plerogyra sinuosa,356
Trachyphyllia geoffroyi,249
Pavona danai,33
Astreopora listeri,124
Micromussa diminuta,1
Heliofungia actiniformis,282
Acropora sarmentosa,636
Pectinia paeonia,248
Porites australiensis,229
Madracis formosa,59
Acropora batunai,26
Plesiastrea versipora,440
Euphyllia paraancora,NA
Favites abdita,909
Acropora striata,96
Astreopora myriophthalma,1691
Montipora turgescens,305
Astreopora gracilis,194
Lobophyllia hataii,191
Montipora verrilli,71
Favia rotundata,167
Fungia scruposa,156
Pocillopora inflata,39
Acropora halmaherae,18
Acropora cytherea,3681
Acropora monticulosa,232
Acropora horrida,413
Acropora solitaryensis,600
Acropora gemmifera,851
Cyphastrea chalcidicum,404
Acropora lovelli,84
Porites stephensoni,18
Oulophyllia bennettae,162
Acropora branchi,24
Merulina ampliata,750
Symphyllia wilsoni,55
Favites russelli,408
Podabacia sinai,1
Montipora tuberculosa,449
Acropora variolosa,50
Porites compressa,12353
Leptoseris mycetoseroides,1478
Acropora gomezi,NA
Acropora microclados,286
Pavona bipartita,8
Goniastrea edwardsi,1577
Acanthastrea lordhowensis,69
Porites profundus,67
Fungia distorta,137
Polyphyllia novaehiberniae,19
Montipora corbettensis,42
Acanthastrea ishigakiensis,49
Diploria clivosa,1398
Acropora convexa,1357
Acropora cervicornis,1522
Acanthastrea rotundoflora,7
Acropora globiceps,79
Favia laxa,143
Acropora teres,14
Porites porites,4413
Acropora desalwii,24
Pavona varians,7809
Eusmilia fastigiata,381
Acropora hoeksemai,89
Acropora squarrosa,53
Turbinaria stellulata,302
Caulastrea tumida,43
Psammocora haimeana,1420
Pocillopora eydouxi,2472
Coscinaraea wellsi,53
Montipora verruculosus,2
Pachyseris speciosa,722
Gyrosmilia interrupta,66
Goniastrea pectinata,1037
Anacropora puertogalerae,21
Montipora circumvallata,25
Caulastrea furcata,177
Lobophyllia hemprichii,958
Montipora grisea,335
Montipora capricornis,14
Fungia horrida,468
Coscinaraea columna,666
Echinopora horrida,259
Acropora spicifera,193
Montipora crassituberculata,179
Seriatopora dendritica,23
Fungia moluccensis,143
Agaricia tenuifolia,2545
Platygyra pini,751
Oxypora lacera,706
Montipora australiensis,8
Oculina valenciennesi,7
Montipora turtlensis,60
Montipora danae,277
Mussa angulosa,201
Hydnophora microconos,722
Montipora cocosensis,6
Platygyra daedalea,1399
Micromussa amakusensis,31
Symphyllia agaricia,233
Madracis asperula,487
Hydnophora exesa,964
Acropora hyacinthus,1958
Acropora chesterfieldensis,71
Acropora mirabilis,2
Anomastraea irregularis,35
Astreopora randalli,301
Pectinia africanus,30
Montipora delicatula,3
Porites rus,5352
Platygyra ryukyuensis,188
Acropora papillare,49
Galaxea horrescens,53
Caulastrea echinulata,17
Turbinaria peltata,480
Acropora kosurini,16
Psammocora superficialis,344
Porites furcata,879
Podabacia motuporensis,29
Oculina patagonica,2
Acropora anthocercis,298
Favia truncatus,74
Stephanocoenia intersepta,1523
Helioseris cucullata,88
Montipora monasteriata,212
Mussismilia harttii,99
Blastomussa merleti,67
Stylophora subseriata,34
Acropora verweyi,403
Pocillopora zelli,23
Agaricia agaricites,3442
Herpolitha limax,604
Porites brighami,561
Paraclavarina triangularis,14
Acropora yongei,598
Stylocoeniella armata,258
Lobophyllia corymbosa,478
Montipora spumosa,139
Acanthastrea brevis,41
Goniastrea palauensis,317
Montipora peltiformis,102
Isophyllastrea rigida,41
Scolymia australis,68
Favia favus,1005
Psammocora profundacella,344
Platygyra carnosus,35
Porites pukoensis,10
Cladocora arbuscula,195
Pavona diffluens,6
Oxypora crassispinosa,29
Porites divaricata,108
Sandalolitha dentata,39
Psammocora explanulata,44
Siderastrea savignyana,40
Isophyllia sinuosa,99
Acropora exquisita,5
Millepora platyphylla,248
Cantharellus doederleini,23
Montipora undata,234
Acropora arabensis,61
Symphyllia recta,480
Goniopora minor,349
Madracis senaria,5
Porites solida,294
Seriatopora guttatus,26
Lobophyllia diminuta,16
Acropora valenciennesi,444
Montipora capitata,20020
Erythrastrea flabellata,NA
Turbinaria mesenterina,561
Goniastrea retiformis,1830
Leptoseris gardineri,50
Pocillopora indiania,47
Favia maritima,401
Acropora pichoni,16
Acanthastrea hemprichii,109
Porites somaliensis,19
Montipora verrucosa,780
Acropora polystoma,180
Cyphastrea microphthalma,403
Acropora abrotanoides,646
Platygyra lamellina,631
Isopora cylindrica,NA
Favites chinensis,227
Acropora bifurcata,31
Stylophora kuehlmanni,6
Isopora cuneata,317
Galaxea fascicularis,3333
Goniastrea thecata,36
Acropora millepora,1357
Goniopora stokesi,93
Acropora efflorescens,3681
Fungia paumotensis,297
Montipora mollis,150
Psammocora vaughani,496
Heteropsammia cochlea,519
Porites astreoides,10208
Acropora subulata,479
Stylophora pistillata,1765
Leptoseris cailleti,16
Cyphastrea japonica,34
Sandalolitha robusta,305
Turbinaria reniformis,1612
Pavona duerdeni,2701
Orcaella heinsohni,NA
Cheilinus trilobatus,777
Canthigaster inframacula,6
Parenchelyurus hepburni,43
Scarus prasiognathos,47
Scarus festivus,29
Dentex barnardi,754
Xyrichtys martinicensis,512
Pseudolabrus luculentus,133
Scarus dubius,3213
Suezichthys bifurcatus,2
Pagrus auratus,80033
Hypleurochilus bananensis,24
Chromis alpha,52
Siphonognathus beddomei,29
Hemitaurichthys thompsoni,189
Apolemichthys kingi,23
Amphiprion sandaracinos,30
Acanthurus gahhm,61
Parablennius yatabei,15
Chromis punctipinnis,39
Dotalabrus alleni,19
Chromis pembae,22
Cirrhilabrus lineatus,13
Halichoeres ornatissimus,6252
Teixeirichthys jordani,62
Chrysiptera flavipinnis,212
Entomacrodus macrospilus,NA
Scomberomorus queenslandicus,1194
Ecsenius trilineatus,23
Thalassoma lucasanum,720
Scarus oviceps,1808
Scarus viridifucatus,27
Parablennius zvonimiri,22
Coris caudimacula,292
Parablennius parvicornis,47
Labroides phthirophagus,1621
Salarias ceramensis,18
Cirrhilabrus rubripinnis,3
Crossosalarias macrospilus,92
Halichoeres notospilus,339
Torquigener tuberculiferus,248
Centropyge acanthops,106
Sarda sarda,2045
Chromis flavicauda,6
Omobranchus anolius,96
Omobranchus rotundiceps,105
Naso vlamingii,795
Anampses melanurus,69
Calamus cervigoni,2
Cirripectes filamentosus,240
Coradion melanopus,3
Cirripectes alleni,2
Chaetodon sedentarius,1183
Halichoeres papilionaceus,30
Halichoeres binotopsis,15
Dentex congoensis,1092
Pseudojuloides kaleidos,NA
Thunnus atlanticus,9211
Scarus schlegeli,2467
Centropyge loricula,2562
Canthigaster leoparda,1
Pseudocheilinus ocellatus,10
Salarias sinuosus,68
Chaetodon falcula,74
Heniochus pleurotaenia,10
Chaetodon larvatus,12
Chaetodon leucopleura,31
Chaetodon ocellatus,2502
Chaetodon zanzibarensis,55
Prognathodes brasiliensis,2
Roa jayakari,3
Chaetodon mertensii,225
Chelmon marginalis,387
Chaetodon mesoleucos,NA
Chaetodon guttatissimus,195
Chaetodon burgessi,9
Prognathodes aya,76
Heniochus singularius,72
Chaetodon octofasciatus,201
Chaetodon triangulum,90
Chaetodon paucifasciatus,13
Heniochus acuminatus,598
Prognathodes aculeatus,196
Chaetodon kleinii,1944
Chaetodon vagabundus,2121
Chaetodon auriga,2967
Chaetodon punctatofasciatus,996
Johnrandallia nigrirostris,457
Chaetodon austriacus,24
Chaetodon humeralis,498
Chaetodon nippon,3
Chaetodon striatus,1466
Chaetodon meyeri,409
Roa excelsa,1
Heniochus chrysostomus,404
Chaetodon ornatissimus,2300
Chaetodon madagaskariensis,93
Chaetodon selene,11
Prognathodes guyanensis,13
Chaetodon decussatus,27
Chaetodon gardineri,13
Heniochus monoceros,140
Chaetodon lunula,1219
Heniochus varius,180
Chaetodon pelewensis,1812
Chaetodon dolosus,74
Chaetodon multicinctus,1508
Chaetodon xanthurus,52
Chaetodon plebeius,1939
Chelmon rostratus,1406
Chelmon muelleri,87
Parachaetodon ocellatus,1115
Chaetodon fremblii,1058
Chaetodon argentatus,30
Chaetodon oxycephalus,10
Chaetodon ulietensis,752
Chaetodon mitratus,17
Forcipiger longirostris,427
Chaetodon citrinellus,2184
Chaetodon lineolatus,1358
Chaetodon semilarvatus,15
Chaetodon xanthocephalus,86
Hemitaurichthys polylepis,328
Chaetodon trifasciatus,3440
Prognathodes marcellae,711
Chaetodon smithi,8
Chaetodon ocellicaudus,10
Roa modestus,NA
Chaetodon quadrimaculatus,973
Chaetodon trichrous,4
Chaetodon rafflesii,400
Chaetodon ephippium,1295
Amphichaetodon howensis,45
Heniochus diphreutes,312
Chaetodon interruptus,39
Chaetodon wiebeli,50
Chaetodon bennetti,128
Chaetodon tricinctus,15
Chaetodon flavirostris,949
Chaetodon melannotus,2154
Heniochus intermedius,34
Chaetodon baronessa,1974
Chaetodon auripes,78
Chaetodon speculum,576
Chaetodon capistratus,4610
Chaetodon nigropunctatus,11
Coradion altivelis,167
Chaetodon tinkeri,3
Chaetodon hoefleri,1101
Prognathodes falcifer,17
Coradion chrysozonus,876
Chaetodon aureofasciatus,1788
Chaetodon lunulatus,676
Chaetodon fasciatus,50
Chelmonops curiosus,18
Chaetodon andamanensis,4
Chaetodon blackburnii,131
Chaetodon assarius,42
Chaetodon adiergastos,16
Chaetodon trifascialis,2781
Chaetodon reticulatus,1735
Chaetodon unimaculatus,1355
Forcipiger flavissimus,2449
Chaetodon rainfordi,2728
Chaetodon guentheri,52
Hemitaurichthys zoster,52
Chelmonops truncatus,123
Chaetodon miliaris,1637
Chaetodon collare,59
Chaetodon melapterus,14
Chaetodon semeion,63
Chaetodon dialeucos,6
Amphichaetodon melbae,7
Apolemichthys griffisi,42
Holacanthus africanus,679
Chaetodontoplus chrysocephalus,3
Centropyge fisheri,159
Pomacanthus xanthometopon,33
Centropyge hotumatua,4
Pomacanthus chrysurus,28
Holacanthus bermudensis,2428
Pomacanthus maculosus,63
Apolemichthys arcuatus,142
Apolemichthys trimaculatus,257
Centropyge argi,137
Centropyge colini,NA
Pomacanthus asfur,27
Pomacanthus sexstriatus,241
Apolemichthys xanthopunctatus,151
Pomacanthus rhomboides,102
Genicanthus melanospilos,36
Apolemichthys xanthurus,32
Genicanthus caudovittatus,26
Genicanthus spinus,2
Chaetodontoplus ballinae,7
Centropyge heraldi,278
Centropyge ferrugata,29
Chaetodontoplus melanosoma,15
Pomacanthus semicirculatus,356
Paracentropyge multifasciata,29
Apolemichthys xanthotis,20
Centropyge debelius,8
Centropyge eibli,50
Genicanthus semifasciatus,23
Chaetodontoplus duboulayi,887
Centropyge interruptus,9
Centropyge vrolikii,380
Pomacanthus imperator,1073
Genicanthus bellus,6
Centropyge aurantonotus,7
Pomacanthus navarchus,14
Centropyge nox,70
Chaetodontoplus conspicillatus,11
Centropyge bispinosa,1072
Genicanthus watanabei,30
Pomacanthus annularis,119
Genicanthus personatus,105
Centropyge multispinis,489
Centropyge flavissima,5020
Holacanthus tricolor,1863
Holacanthus passer,651
Chaetodontoplus personifer,811
Chaetodontoplus septentrionalis,41
Holacanthus ciliaris,1649
Chaetodontoplus mesoleucus,86
Pygoplites diacanthus,1053
Pomacanthus arcuatus,2710
Genicanthus lamarck,44
Pomacanthus zonipectus,253
Centropyge joculator,8
Chaetodontoplus meredithi,135
Centropyge aurantia,12
Centropyge flavipectoralis,NA
Centropyge multicolor,7
Centropyge nigriocellus,4
Pomacanthus paru,1270
Centropyge potteri,2945
Centropyge venusta,17
Centropyge tibicen,187
Centropyge bicolor,351
Chromis cyanea,2260
Megalops cyprinoides,311
Chaetodontoplus poliourus,3
Centropyge abei,1
Jasus frontalis,8
Scyllarus arctus,98
Panulirus penicillatus,10935
Scyllarides haanii,36
Homarus gammarus,5494
Thymopides grobovi,1
Nephropsis aculeata,313
Ibacus brucei,24
Acanthacaris tenuimana,9
Metanephrops mozambicus,3
Panulirus echinatus,17
Metanephrops australiensis,118
Panulirus interruptus,41
Nephrops norvegicus,24380
Panulirus versicolor,43
Evibacus princeps,16
Metanephrops challengeri,34182
Nephropsis neglecta,5
Nephropsis stewarti,68
Panulirus argus,334
Scammarctus batei,115
Thenus orientalis,62
Eunephrops manningi,3
Ibacus peronii,453
Nephropsis acanthura,40
Nephropsis rosea,192
Panulirus ornatus,22
Panulirus guttatus,31
Petrarctus brevicornis,76
Panulirus polyphagus,19
Scyllarides tridacnophaga,4
Parribacus holthuisi,NA
Parribacus caledonicus,5
Palinurus gilchristi,699
Acanthacaris caeca,128
Scyllarides elisabethae,150
Remiarctus bertholdii,334
Nupalirus japonicus,6
Panulirus japonicus,8
Puerulus carinatus,4
Scyllarides squammosus,63
Homarus americanus,551467
Palinurus delagoae,12
Puerulus sewelli,15
Parribacus japonicus,NA
Panulirus laevicauda,52
Palinurellus gundlachi,24
Puerulus velutinus,5
Sagmariasus verreauxi,260
Nephropsis occidentalis,5
Metanephrops binghami,56
Ibacus novemdentatus,22
Thymopsis nilenta,8
Jasus edwardsii,213685
Ibacus brevipes,29
Scyllarides herklotsii,67
Palinustus truncatus,1
Scyllarides delfosi,4
Nephropsis suhmi,41
Palibythus magnificus,NA
Arctides antipodarum,10
Palinurus mauritanicus,1002
Metanephrops japonicus,1
Eduarctus martensii,350
Thymops birsteini,12
Metanephrops formosanus,NA
Panulirus stimpsoni,NA
Projasus parkeri,18
Nephropsis atlantica,38
Palinustus mossamicus,NA
Palinustus waguensis,1
Palinurellus wieneckii,2
Metanephrops boschmai,56
Projasus bahamondei,37
Arctides guineensis,1
Metanephrops sibogae,11
Linuparus trigonus,44
Petrarctus rugosus,40
Scyllarus pygmaeus,26
Parribacus scarlatinus,4
Nephropides caribaeus,27
Panulirus gracilis,6969
Panulirus homarus,31
Arctides regalis,5
Metanephrops velutinus,125
Linuparus somniosus,4
Panulirus longipes,19
Neoglyphea inopinata,14
Linuparus sordidus,38
Parribacus antarcticus,41
Jasus lalandii,632
Panulirus cygnus,6
Scyllarides aequinoctialis,44
Metanephrops thomsoni,64
Puerulus angulatus,140
Ibacus ciliatus,23
Nephropsis agassizii,63
Eunephrops bairdii,15
Nephropsis ensirostris,18
Ibacus alticrenatus,738
Scyllarides nodifer,135
Metanephrops neptunus,15
Nephropsis sulcata,35
Eunephrops cadenasi,10
Panulirus regius,72
Thaumastocheles zaleucus,48
Thaumastocheles japonicus,5
Justitia longimanus,15
Scomber japonicus,26733
Grammatorcynus bicarinatus,157
Kajikia audax,8266
Katsuwonus pelamis,100606
Scomberomorus guttatus,66
Istiompax indica,1
Sarda orientalis,1217
Makaira nigricans,6404
Tetrapturus angustirostris,815
Scomberomorus commerson,15577
Rastrelliger brachysoma,94
Orcynopsis unicolor,458
Euthynnus lineatus,274
Cybiosarda elegans,42
Kajikia albida,20
Scomberomorus maculatus,4322
Rastrelliger faughni,24
Scomberomorus sierra,497
Scomberomorus tritor,842
Scomberomorus regalis,518
Rastrelliger kanagurta,1085
Scomber australasicus,2843
Scomberomorus munroi,451
Acanthocybium solandri,51694
Sarda australis,190
Tetrapturus georgii,129
Tetrapturus belone,26
Scomberomorus brasiliensis,43
Euthynnus affinis,3560
Scomberomorus semifasciatus,340
Istiophorus platypterus,2377
Scomberomorus cavalla,2584
Gasterochisma melampus,57
Thunnus orientalis,9828
Gymnosarda unicolor,230
Scomberomorus koreanus,8
Auxis thazard,11390
Euthynnus alletteratus,2805
Scomberomorus sinensis,2
Scomberomorus plurilineatus,1614
Allothunnus fallai,229
Thunnus tonggol,205
Sarda chiliensis,49
Scomberomorus lineolatus,187
Scomber scombrus,119016
Auxis rochei,5628
Scomberomorus niphonius,30
Scomber colias,1262
Grammatorcynus bilineatus,38
Aipysurus laevis,22
Astrotia stokesii,8
Hydrophis caerulescens,NA
Hydrophis spiralis,5
Enhydrina schistosa,20
Emydocephalus annulatus,5
Hydrophis cyanocinctus,4
Hydrophis major,NA
Hydrophis czeblukovi,NA
Hydrophis elegans,28
Hydrophis ornatus,34
Pelamis platura,23
Hydrophis coggeri,1
Lapemis curtus,12
Aipysurus duboisii,17
Laticauda colubrina,43
Acalyptophis peronii,8
Aipysurus eydouxii,NA
Acrochordus granulatus,4
Laticauda laticaudata,18
Ctenochaetus strigosus,8189
Naso lituratus,7813
Naso tonganus,315
Prionurus scalprum,44
Acanthurus coeruleus,14539
Naso reticulatus,5
Ctenochaetus binotatus,676
Acanthurus maculiceps,229
Ctenochaetus cyanocheilus,3070
Acanthurus fowleri,2
Acanthurus achilles,1521
Acanthurus nubilus,50
Naso fageni,27
Naso mcdadei,11
Ctenochaetus marginatus,1772
Acanthurus triostegus,4919
Acanthurus mata,365
Naso caeruleacauda,35
Acanthurus nigricans,7729
Naso unicornis,6474
Acanthurus blochii,2488
Paracanthurus hepatus,222
Zebrasoma gemmatum,26
Acanthurus auranticavus,155
Naso minor,74
Acanthurus reversus,1
Acanthurus japonicus,20
Naso lopezi,30
Naso thynnoides,98
Acanthurus dussumieri,2464
Acanthurus chirurgus,3957
Naso brachycentron,83
Acanthurus polyzona,21
Acanthurus bahianus,11392
Ctenochaetus tominiensis,31
Acanthurus sohal,25
Naso annulatus,145
Acanthurus xanthopterus,1069
Naso brevirostris,1127
Acanthurus olivaceus,4918
Ctenochaetus truncatus,165
Acanthurus lineatus,3172
Acanthurus leucocheilus,137
Acanthurus guttatus,240
Acanthurus tennentii,64
Acanthurus tristis,17
Acanthurus nigroris,5589
Acanthurus leucosternon,185
Zebrasoma rostratum,280
Naso hexacanthus,1956
Naso tuberosus,986
Naso elegans,3
Zebrasoma scopas,3814
Acanthurus grammoptilus,374
Acanthurus albipectoralis,146
Acanthurus thompsoni,870
Zebrasoma xanthurum,47
Zebrasoma veliferum,2435
Acanthurus leucopareius,1711
Ctenochaetus striatus,8294
Naso caesius,117
Ctenochaetus hawaiiensis,690
Zebrasoma flavescens,2713
Prionurus microlepidotus,64
Acanthurus nigricauda,873
Ctenochaetus flavicauda,595
Acanthurus nigrofuscus,13362
Naso maculatus,18
Prionurus biafraensis,1
Acanthurus pyroferus,1014
Acanthurus monroviae,705
Zebrasoma desjardinii,27
Prionurus maculatus,29
Roa australis,79
Ecsenius dilemma,9
Ecsenius kurti,9
Istiblennius colei,3
Holothuria hilla,130
Holothuria difficilis,40
Pearsonothuria graeffei,177
Holothuria scabra,NA
Actinopyga miliaris,45
Actinopyga lecanora,28
Holothuria pardalis,78
Parastichopus regalis,615
Isostichopus macroparentheses,2
Thelenota anax,29
Holothuria nobilis,NA
Actinopyga mauritiana,760
Bohadschia vitiensis,27
Actinopyga agassizi,15
Isostichopus fuscus,11185
Holothuria leucospilota,NA
Pseudostichopus mollis,363
Bohadschia similis,NA
Holothuria edulis,NA
Actinopyga palauensis,7
Bohadschia marmorata,42
Holothuria fuscopunctata,130
Holothuria atra,1936
Apostichopus japonicus,2
Parastichopus californicus,300
Holothuria arenicola,99
Holothuria rigida,NA
Holothuria tubulosa,NA
Stichopus chloronotus,772
Thelenota ananas,114
Stichopus horrens,368
Holothuria mexicana,NA
Holothuria fuscocinerea,4
Holothuria cinerascens,NA
Holothuria impatiens,264
Bathyplotes moseleyi,68
Actinopyga echinites,113
Isostichopus badionotus,154
Holothuria pervicax,7
Actinopyga caerulea,1
Holothuria inhabilis,NA
Bohadschia argus,188
Elops lacerta,685
Scartichthys viridis,11
Scartichthys gigas,48
Sphoeroides lobatus,197
Ophioblennius steindachneri,839
Prionurus laticlavius,240
Semicossyphus darwini,389
Canthigaster punctatissima,545
Hypsypops rubicundus,95
Halichoeres chierchiae,126
Abudefduf troschelii,698
Hypsoblennius brevipinnis,237
Stegastes acapulcoensis,320
Chromis limbaughi,41
Abudefduf declivifrons,89
Stegastes beebei,263
Scarus compressus,104
Microspathodon bairdii,164
Abudefduf concolor,131
Halichoeres aestuaricola,44
Stegastes arcifrons,224
Bodianus eclancheri,120
Stegastes redemptus,22
Stegastes rectifraenum,320
Sphoeroides rosenblatti,49
Sphoeroides lispus,68
Hypsoblennius gentilis,205
Bodianus diplotaenia,672
Prionurus punctatus,160
Sphoeroides annulatus,731
Chromis atrilobata,433
Scartichthys variolatus,12
Halichoeres melanotis,55
Stegastes flavilatus,384
Xyrichtys mundiceps,15
Halichoeres adustus,20
Azurina hirundo,12
Nexilosus latifrons,65
Chromis intercrusma,17
Nicholsina denticulata,183
Halichoeres semicinctus,105
Halichoeres dispilus,560
Microspathodon dorsalis,357
Scarus perrico,185
Chromis alta,56
Entomacrodus chiostictus,130
Decodon melasma,114
Sphoeroides angusticeps,38
Stegastes leucorus,64
Plagiotremus azaleus,487
Thalassoma grammaticum,102
Azurina eupalama,28
Sphoeroides sechurae,61
Halichoeres nicholsi,383
Elops affinis,92
Galearctus rapanus,4
Galearctus umbilicatus,NA
Eduarctus lewinsohni,NA
Stereomastis panglao,NA
Eduarctus modestus,23
Ibacus pubescens,18
Stereomastis polita,15
Enoplometopus gracilipes,5
Stereomastis sculpta,1623
Petrarctus demani,106
Pentacheles gibbus,NA
Polycheles enthrix,67
Crenarctus crenatus,338
Stereomastis surda,31
Enoplometopus holthuisi,4
Nupalirus vericeli,NA
Polycheles typhlops,549
Thaumastocheles dochmiodon,1
Acantharctus ornatus,1
Polycheles amemiyai,1
Bathyarctus rubens,34
Stereomastis suhmi,44
Pentacheles laevis,155
Stereomastis helleri,14
Chelarctus aureus,9
Polycheles martini,4
Enoplometopus crosnieri,3
Enoplometopus occidentalis,9
Pentacheles snyderi,2
Galearctus timidus,24
Stereomastis auriculata,38
Nephropsis serrata,51
Polycheles coccifer,36
Polycheles tanneri,4
Stereomastis galil,10
Petrarctus holthuisi,NA
Stereomastis phosphorus,38
Stereomastis aculeata,51
Galearctus kitanoviriosus,24
Galearctus aurora,4
Bathyarctus faxoni,16
Chelarctus cultrifer,19
Willemoesia pacifica,4
Polycheles baccatus,38
Eduarctus reticulatus,6
Biarctus pumilus,NA
Pentacheles obscurus,6
Crenarctus bicuspidatus,19
Eduarctus aesopius,4
Parablennius gattorugine,2873
Acantholabrus palloni,40
Bodianus dictynna,3
Halichoeres pardaleocephalus,4
Choerodon margaritiferus,3
Coris nigrotaenia,5
Hemigymnus fasciatus,3904
Leptojulis lambdastigma,15
Bodianus opercularis,11
Coris variegata,60
Thalassoma lunare,947
Cheilio inermis,333
Cheilinus chlorourus,428
Cirrhilabrus tonozukai,1
Suezichthys caudavittatus,4
Bodianus thoracotaeniatus,1
Paracheilinus mccoskeri,31
Coris pictoides,57
Iniistius aneitensis,20
Labroides dimidiatus,5235
Labrus mixtus,4513
Labrus bergylta,7751
Iniistius umbrilatus,2
Choerodon vitta,397
Halichoeres dimidiatus,10
Paracheilinus filamentosus,23
Halichoeres caudalis,80
Hologymnosus longipes,9
Wetmorella nigropinnata,431
Ophthalmolepis lineolata,322
Cirrhilabrus marjorie,5
Iniistius pentadactylus,67
Iniistius trivittatus,4
Paracheilinus attenuatus,4
Macropharyngodon kuiteri,18
Cirrhilabrus earlei,10
Macropharyngodon bipartitus,76
Coris batuensis,105
Thalassoma pavo,719
Choerodon zamboangae,18
Paracheilinus walton,1
Thalassoma loxum,9
Oxycheilinus orientalis,102
Stethojulis bandanensis,995
Conniella apterygia,NA
Notolabrus tetricus,103
Cirrhilabrus bathyphilus,13
Halichoeres leucoxanthus,29
Choerodon cephalotes,773
Pteragogus cryptus,108
Halichoeres bleekeri,4
Stethojulis marquesensis,3
Coris gaimard,1919
Halichoeres prosopeion,136
Cirrhilabrus laboutei,15
Cirrhilabrus condei,7
Novaculichthys taeniourus,424
Halichoeres margaritaceus,1142
Halichoeres pictus,290
Thalassoma cupido,46
Cirrhilabrus jordani,31
Tautogolabrus adspersus,7638
Coris dorsomacula,79
Halichoeres argus,165
Cirrhilabrus katherinae,426
Anampses elegans,42
Halichoeres scapularis,369
Symphodus trutta,NA
Doratonotus megalepis,117
Cirrhilabrus brunneus,1
Cirrhilabrus exquisitus,504
Pseudojuloides mesostigma,1
Leptojulis urostigma,3
Halichoeres stigmaticus,4
Oxycheilinus digramma,659
Halichoeres cosmetus,213
Xyrichtys koteamea,NA
Choerodon gymnogenys,33
Pseudocoris bleekeri,2
Halichoeres vrolikii,54
Halichoeres trimaculatus,637
Symphodus mediterraneus,171
Hemigymnus melapterus,2939
Pseudocheilinus hexataenia,3397
Halichoeres leucurus,34
Tautoga onitis,369
Pseudolabrus miles,219
Halichoeres bivittatus,11932
Cirrhilabrus melanomarginatus,17
Cirrhilabrus solorensis,9
Suezichthys notatus,11
Stethojulis strigiventer,468
Thalassoma amblycephalum,2292
Austrolabrus maculatus,33
Symphodus ocellatus,97
Bodianus speciosus,736
Paracheilinus cyaneus,1
Bodianus scrofa,98
Cheilinus abudjubbe,6
Labropsis xanthonota,748
Coris ballieui,117
Choerodon zosterophorus,5
Cirrhilabrus randalli,2
Cirrhilabrus flavidorsalis,14
Bodianus frenchii,6
Halichoeres richmondi,2
Choerodon fasciatus,2426
Halichoeres cyanocephalus,90
Paracheilinus carpenteri,26
Halichoeres podostigma,16
Bodianus axillaris,545
Diproctacanthus xanthurus,75
Cirrhilabrus luteovittatus,5
Pictilabrus laticlavius,119
Achoerodus gouldii,65
Symphodus bailloni,69
Oxycheilinus bimaculatus,1825
Thalassoma rueppellii,35
Terelabrus rubrovittatus,3
Larabicus quadrilineatus,21
Hologymnosus doliatus,178
Bodianus paraleucosticticus,NA
Cymolutes torquatus,31
Halichoeres raisneri,2
Pseudolabrus guentheri,140
Halichoeres zeylonicus,27
Notolabrus parilus,25
Gomphosus varius,9579
Halichoeres orientalis,1
Cirrhilabrus roseafascia,NA
Iniistius twistii,14
Labrus merula,221
Cirrhilabrus cenderawasih,1
Cirrhilabrus cyanopleura,153
Halichoeres timorensis,78
Clepticus parrae,1333
Pseudocoris yamashiroi,55
Halichoeres nebulosus,228
Halichoeres maculipinna,4115
Hemigymnus sexfasciatus,NA
Bodianus vulpinus,189
Bodianus bilunulatus,5057
Anampses chrysocephalus,283
Thalassoma hardwicke,753
Paracheilinus lineopunctatus,9
Halichoeres solorensis,6
Suezichthys gracilis,119
Stethojulis interrupta,486
Halichoeres melasmapomus,123
Halichoeres biocellatus,902
Notolabrus cinctus,72
Anampses lennardi,170
Choerodon oligacanthus,5
Gomphosus caeruleus,225
Bodianus pulchellus,131
Bodianus prognathus,181
Symphodus rostratus,84
Suezichthys soelae,13
Labroides pectoralis,88
Bodianus sepiacaudus,NA
Oxycheilinus nigromarginatus,7
Choerodon anchorago,171
Cirrhilabrus pylei,4
Cirrhilabrus rubrisquamis,2
Bodianus cylindriatus,12
Halichoeres poeyi,1070
Halichoeres signifer,4
Pseudojuloides atavai,158
Bodianus diana,251
Suezichthys aylingi,61
Halichoeres iridis,68
Iniistius auropunctatus,3
Pseudocheilinops ataenia,27
Symphodus caeruleus,NA
Cirrhilabrus balteatus,5
Bodianus rubrisos,2
Halichoeres bicolor,43
Cirrhilabrus scottorum,21
Halichoeres nigrescens,274
Thalassoma ballieui,5316
Coris flavovittata,855
Coris roseoviridis,10
Pteragogus enneacanthus,38
Cirrhilabrus lubbocki,65
Iniistius celebicus,1
Pseudocoris ocellata,4
Choerodon jordani,39
Decodon puellaris,99
Cirrhilabrus lunatus,8
Cheilinus lunulatus,27
Labropsis manabei,11
Pseudocheilinus octotaenia,3429
Epibulus brevis,NA
Iniistius dea,56
Halichoeres chrysus,91
Pteragogus guttatus,10
Hologymnosus rhodonotus,8
Xyrichtys pastellus,NA
Pictilabrus viridis,13
Labrichthys unilineatus,299
Stethojulis albovittata,261
Notolabrus gymnogenis,99
Halichoeres miniatus,118
Paracheilinus flavianalis,3
Cirrhilabrus temminckii,43
Bodianus bimaculatus,46
Anampses lineatus,101
Coris cuvieri,90
Pseudolabrus mortonii,NA
Bodianus insularis,5
Cirrhilabrus lanceolatus,NA
Pseudojuloides severnsi,7
Bodianus mesothorax,167
Choerodon melanostigma,1
Bodianus macrourus,30
Cheilinus oxycephalus,465
Bodianus flavipinnis,7
Pteragogus pelycus,51
Thalassoma bifasciatum,14518
Symphodus roissali,172
Labrus viridis,167
Iniistius melanopus,8
Paracheilinus angulatus,2
Iniistius griffithsi,1
Pseudocheilinus evanidus,1751
Coris hewetti,6
Notolabrus celidotus,921
Coris formosa,100
Pseudocheilinus dispilus,6
Macropharyngodon cyanoguttatus,17
Xyrichtys splendens,577
Bodianus rufus,2482
Halichoeres hortulanus,4962
Oxycheilinus unifasciatus,3335
Labropsis australis,67
Halichoeres melanurus,269
Lappanella fasciata,45
Coris picta,80
Macropharyngodon geoffroy,2539
Cymolutes praetextatus,47
Bodianus macrognathos,8
Pteragogus flagellifer,156
Thalassoma lutescens,3767
Halichoeres chlorocephalus,2
Pseudocoris heteroptera,31
Stethojulis trilineata,272
Bodianus leucosticticus,24
Halichoeres lapillus,50
Macropharyngodon meleagris,1418
Thalassoma nigrofasciatum,29
Halichoeres melanochir,108
Xyrichtys novacula,1182
Bodianus masudai,6
Hologymnosus annulatus,120
Halichoeres claudia,NA
Xenojulis margaritaceus,4
Labropsis alleni,3
Iniistius pavo,160
Thalassoma trilobatum,567
Anampses geographicus,89
Thalassoma duperrey,20151
Pseudodax moluccanus,229
Symphodus cinereus,111
Bodianus anthioides,62
Anampses caeruleopunctatus,587
Oxycheilinus arenatus,37
Clepticus brasiliensis,9
Choerodon sugillatum,860
Bodianus izuensis,12
Epibulus insidiator,4591
Anampses meleagrides,137
Halichoeres garnoti,9319
Polylepion cruentum,6
Cirrhilabrus rubriventralis,32
Iniistius bimaculatus,4
Labropsis micronesica,6
Coris aurilineata,33
Stethojulis notialis,40
Iniistius baldwini,13
Halichoeres brasiliensis,47
Thalassoma quinquevittatum,7593
Oxycheilinus mentalis,20
Halichoeres radiatus,1263
Oxycheilinus lineatus,NA
Stethojulis terina,27
Cheilinus fasciatus,2521
Pseudocheilinus tetrataenia,1712
Pseudocheilinus citrinus,5
Cirrhilabrus beauperryi,NA
Bodianus loxozonus,305
Thalassoma purpureum,1089
Choerodon robustus,65
Symphodus melops,7236
Leptojulis chrysotaenia,NA
Halichoeres trispilus,8
Ctenolabrus rupestris,12273
Coris julis,1585
Bodianus trilineatus,13
Cymolutes lecluse,39
Labroides rubrolabiatus,1451
Symphodus melanocercus,29
Paracheilinus nursalim,1
Anampses cuvier,960
Anampses neoguinaicus,84
Oxycheilinus celebicus,152
Novaculichthys macrolepidotus,126
Paracheilinus bellae,6
Halichoeres kallochroma,15
Labroides bicolor,820
Macropharyngodon ornatus,31
Cirrhilabrus punctatus,249
Cirrhilabrus walindi,6
Macropharyngodon negrosensis,37
Symphodus doderleini,14
Polylepion russelli,5
Thalassoma hebraicum,284
Thalassoma jansenii,131
Bodianus perditio,160
Xyrichtys halsteadi,4
Halichoeres hartzfeldii,47
Anampses twistii,464
Coris venusta,3703
Halichoeres pallidus,7
Thalassoma noronhanum,15
Cirrhilabrus joanallenae,3
Halichoeres leptotaenia,7
Paracheilinus rubricaudalis,4
Coris centralis,172
Macropharyngodon moyeri,2
Choerodon monostigma,528
Pteragogus taeniops,26
Leptojulis cyanopleura,61
Cirrhilabrus adornatus,14
Stethojulis balteata,5579
Cirrhilabrus rubrimarginatus,20
Coris aygula,977
Centrolabrus exoletus,1768
Bodianus oxycephalus,19
Symphodus tinca,418
Bodianus flavifrons,10
Anampses femininus,10
Xiphocheilus typus,92
Halichoeres chloropterus,110
Bodianus unimaculatus,99
Suezichthys arquatus,44
Leptojulis polylepis,1
Haletta semifasciata,190
Heteroscarus acroptilus,NA
Neoodax balteatus,230
Olisthops cyanomelas,126
Siphonognathus caninis,NA
Siphonognathus argyrophanes,70
Siphonognathus attenuatus,17
Siphonognathus radiatus,30
Siphonognathus tanyourus,5
Calotomus spinidens,197
Calotomus japonicus,9
Calotomus zonarchus,279
Calotomus carolinus,801
Cetoscarus bicolor,402
Cetoscarus ocellatus,1051
Chlorurus enneacanthus,37
Scarus collana,6
Scarus globiceps,2604
Scarus flavipectoralis,1640
Chlorurus capistratoides,6
Scarus vetula,1835
Chlorurus atrilunula,17
Scarus scaber,86
Nicholsina collettei,NA
Scarus fuscocaudalis,13
Scarus hoefleri,671
Scarus tricolor,384
Scarus ghobban,2096
Scarus russelii,64
Scarus chameleon,2732
Scarus quoyi,37
Scarus coeruleus,405
Sparisoma cretense,1075
Chlorurus bowersi,16
Sparisoma radians,1024
Scarus spinus,2187
Scarus fuscopurpureus,12
Chlorurus sordidus,12632
Scarus rivulatus,2235
Chlorurus perspicillatus,7524
Chlorurus japanensis,610
Scarus coelestinus,403
Sparisoma rubripinne,2207
Scarus falcipinnis,40
Sparisoma amplum,23
Sparisoma frondosum,88
Scarus xanthopleura,67
Scarus altipinnis,2008
Chlorurus microrhinos,5092
Sparisoma aurofrenatum,15436
Scarus rubroviolaceus,6243
Scarus iseri,16895
Hipposcarus harid,80
Sparisoma viride,10572
Scarus maculipinna,1
Scarus psittacus,4448
Sparisoma chrysopterum,1515
Scarus dimidiatus,125
Scarus niger,3691
Chlorurus troschelii,15
Chlorurus strongylocephalus,30
Scarus ovifrons,26
Chlorurus bleekeri,373
Hipposcarus longiceps,1031
Chlorurus oedema,16
Scarus forsteni,2582
Scarus trispinosus,127
Scarus taeniopterus,3798
Sparisoma axillare,100
Chlorurus gibbus,90
Scarus koputea,1
Scarus frenatus,3909
Leptoscarus vaigiensis,250
Cryptotomus roseus,1301
Chlorurus genazonatus,3
Scarus ferrugineus,27
Scarus hypselopterus,17
Chlorurus frontalis,509
Scarus persicus,12
Scarus caudofasciatus,15
Chlorurus rhakoura,6
Sparisoma atomarium,3570
Scarus longipinnis,53
Elops saurus,8046
Megalops atlanticus,424
Conus lischkeanus,42
Conus pusio,NA
Conus praecellens,28
Conus sanguinolentus,167
Conus bullatus,12
Conus betulinus,78
Conus capitanellus,140
Conus distans,157
Conus textile,370
Conus nussatella,88
Conus striatus,223
Conus milneedwardsi,29
Conus muriculatus,120
Conus coelinae,22
Conus sulcatus,134
Conus amphiurgus,30
Conus emaciatus,127
Conus gladiator,14
Conus mustelinus,61
Conus moluccensis,3
Conus catus,220
Conus daucus,36
Conus boeticus,38
Conus litoglyphus,91
Conus floridulus,27
Conus ammiralis,106
Conus leopardus,169
Conus coccineus,25
Conus monachus,17
Conus baileyi,24
Conus monile,16
Conus aureus,14
Conus frigidus,164
Conus obscurus,40
Conus flammeacolor,NA
Conus kimioi,4
Conus rattus,330
Conus circumactus,17
Conus villepinii,73
Conus armadillo,1
Conus brunneus,20
Conus generalis,109
Conus articulatus,15
Conus howelli,50
Conus granum,NA
Conus pulicarius,194
Conus capitaneus,178
Conus retifer,34
Conus stearnsii,64
Conus magus,158
Conus mazei,60
Conus flavidus,368
Conus aulicus,63
Conus moreleti,101
Conus fergusoni,13
Conus magnificus,21
Conus ermineus,22
Conus chaldaeus,41
Conus terebra,85
Conus bandanus,5
Conus sazanka,15
Conus miliaris,263
Conus imperialis,184
Conus mindanus,74
Conus ebraeus,426
Conus suratensis,17
Conus granulatus,5
Conus attenuatus,5
Conus mus,38
Conus miles,438
Conus coronatus,509
Conus jaspideus,103
Conus boholensis,17
Conus orbignyi,59
Conus spectrum,47
Conus tenuistriatus,18
Conus radiatus,18
Conus luteus,4
Conus episcopatus,2
Conus sponsalis,265
Conus teramachii,14
Conus parius,NA
Conus viola,3
Conus cancellatus,144
Conus varius,82
Conus purpurascens,28
Conus chiangi,3
Conus striatellus,63
Conus eburneus,274
Conus marmoreus,263
Conus acutangulus,67
Conus cinereus,21
Conus pennaceus,127
Conus aurantius,NA
Conus litteratus,144
Conus glans,114
Conus achatinus,106
Conus crocatus,1
Conus aphrodite,24
Conus canonicus,56
Conus tessulatus,257
Conus coffeae,49
Conus geographus,118
Conus vexillum,148
Conus tulipa,112
Conus cylindraceus,12
Conus musicus,271
Conus patae,4
Conus ceruttii,NA
Conus planorbis,319
Conus quercinus,157
Conus auricomus,8
Conus omaria,107
Conus caracteristicus,26
Conus centurio,16
Conus archon,4
Conus legatus,7
Conus lividus,398
Conus consors,23
Conus balteatus,69
Conus virgo,240
Conus regius,23
Conus arenatus,285
Conus cardinalis,1
Conus pertusus,33
Albula argentea,3
Albula glossodonta,36
Albula oligolepis,4
Pterothrissus belloci,1834
Pterothrissus gissu,16
Elops hawaiensis,61
Elops senegalensis,670
Microlipophrys dalmatinus,3
Microlipophrys nigriceps,16
Parablennius rouxi,64
Salaria basilisca,6
Epinephelus chabaudi,17
Epinephelus itajara,960
Meiacanthus anema,24
Omox biporos,37
Neophocaena phocaenoides,687
Holothuria fuscogilva,194
Diplodus cervinus,141
Lagocephalus sceleratus,1561
Takifugu ocellatus,5
Panulirus femoristriga,3
Acanthopagrus schlegelii,37
Archosargus rhomboidalis,143
Dentex spariformis,135
Dentex angolensis,1938
Pagrus caeruleostictus,1141
Lithognathus mormyrus,609
Pagellus bellottii,2163
Rhabdosargus thorpei,85
Rhabdosargus haffara,61
Dentex maroccanus,117
Pagrus major,61
Stenotomus chrysops,11625
Sarpa salpa,1928
Spondyliosoma emarginatum,23053
Sparidentex hasta,7
Dentex abei,NA
Calamus nodosus,782
Acanthopagrus chinshira,NA
Stenotomus caprinus,410
Acanthopagrus palmaris,1
Calamus proridens,63
Chrysoblephus cristiceps,22457
Polysteganus praeorbitalis,18976
Dentex gibbosus,1013
Calamus campechanus,3
Acanthopagrus butcheri,254
Calamus bajonado,71
Argyrops bleekeri,18
Dentex canariensis,917
Chrysoblephus anglicus,46394
Oblada melanura,161
Rhabdosargus sarba,458
Pachymetopon aeneum,14821
Rhabdosargus holubi,338
Cymatoceps nasutus,13551
Calamus pennatula,72
Calamus penna,116
Pachymetopon grande,1263
Pterogymnus laniarius,75342
Diplodus noct,38
Polysteganus coeruleopunctatus,8201
Crenidens crenidens,87
Boopsoidea inornata,2383
Pagrus auriga,773
Cheimerius nufar,89899
Diplodus bellottii,33
Archosargus probatocephalus,10260
Pagellus erythrinus,1846
Rhabdosargus globiceps,56911
Sparodon durbanensis,224
Dentex fourmanoiri,16
Pagellus acarne,906
Argyrozona argyrozona,140266
Dentex macrophthalmus,1559
Calamus leucosteus,798
Argyrops spinifer,1425
Acanthopagrus bifasciatus,53
Pagrus africanus,817
Pagellus bogaraveo,1629
Dentex dentex,242
Virididentex acromegalus,10
Petrus rupestris,23866
Polyamblyodon germanum,2248
Calamus calamus,3798
Lagodon rhomboides,58251
Boops boops,3753
Argyrops filamentosus,41
Sparus aurata,1210
Chrysoblephus gibbiceps,22714
Acanthopagrus australis,459
Spondyliosoma cantharus,1634
Chrysoblephus puniceus,92423
Diplodus annularis,641
Diplodus vulgaris,804
Diplodus puntazzo,196
Acanthopagrus latus,81
Diplodus holbrookii,567
Polysteganus baissaci,7
Acanthopagrus berda,447
Diplodus omanensis,NA
Omobranchus zebra,15
Chelonodon patoca,361
Entomacrodus vermiculatus,34
Omobranchus punctatus,59
Halophila spinulosa,206
Thalassia testudinum,963
Halophila decipiens,578
Halodule wrightii,330
Thalassodendron ciliatum,94
Syringodium filiforme,887
Conocarpus erectus,8
Avicennia germinans,110
Holothuria coronopertusa,NA
Blennius ocellaris,1431
Lipophrys trigloides,31
Spaniblennius riodourensis,NA
Parablennius salensis,NA
Parablennius dialloi,4
Parablennius sierraensis,NA
Hypleurochilus aequipinnis,17
Parablennius verryckeni,1
Hypleurochilus fissicornis,21
Parablennius goreensis,5
Microlipophrys canevae,NA
Parablennius ruber,94
Coryphoblennius galerita,97
Aidablennius sphynx,25
Hypleurochilus langi,6
Salaria pavo,82
Bathyblennius antholops,2
Lipophrys pholis,1043
Parablennius incognitus,17
Blennius normani,708
Parablennius tentacularis,97
Ophioblennius trinitatis,12
Parablennius sanguinolentus,58
Chromis enchrysura,393
Chromis chromis,954
Chromis cadenati,235
Abudefduf luridus,345
Chrysiptera unimaculata,282
Abudefduf taurus,83
Chromis scotti,4273
Stegastes otophorus,4
Chromis limbata,395
Stegastes planifrons,3405
Stegastes partitus,8905
Stegastes adustus,1449
Stegastes leucostictus,2507
Abudefduf saxatilis,2324
Stegastes imbricatus,5
Stegastes diencaeus,1058
Chromis multilineata,1473
Microspathodon chrysurus,4159
Microspathodon frontatus,2
Chromis insolata,348
Canthigaster figueiredoi,37
Sphoeroides pachygaster,2242
Sphoeroides maculatus,3951
Lagocephalus laevigatus,1365
Lagocephalus lagocephalus,871
Conus vicweei,2
Takifugu vermicularis,10
Arothron caeruleopunctatus,10
Takifugu bimaculatus,NA
Sphoeroides parvus,9570
Takifugu rubripes,5
Torquigener vicinus,2
Torquigener hypselogeneion,99
Lagocephalus spadiceus,289
Canthigaster papua,8
Takifugu reticularis,NA
Lagocephalus suezensis,10
Sphoeroides spengleri,1222
Contusus brevicaudus,78
Sphoeroides greeleyi,86
Torquigener pleurogramma,153
Torquigener andersonae,11
Canthigaster axiologus,NA
Colomesus psittacus,182
Canthigaster margaritata,41
Canthigaster bennetti,258
Takifugu exascurus,2
Torquigener gloerfelti,NA
Tetractenos glaber,255
Arothron meleagris,629
Canthigaster jactator,3250
Lagocephalus lunaris,642
Takifugu flavidus,NA
Takifugu porphyreus,NA
Canthigaster compressa,52
Torquigener paxtoni,NA
Arothron mappa,55
Torquigener parcuspinus,19
Canthigaster amboinensis,370
Omegophora armilla,334
Feroxodon multistriatus,232
Torquigener pallimaculatus,582
Marilyna pleurosticta,66
Torquigener randalli,10
Takifugu pardalis,3
Canthigaster natalensis,10
Takifugu chrysops,4
Canthigaster pygmaea,4
Sphoeroides tyleri,9
Arothron hispidus,919
Torquigener flavimaculosus,23
Torquigener altipinnis,23
Canthigaster rivulata,222
Canthigaster callisterna,76
Canthigaster smithae,50
Arothron stellatus,445
Arothron reticularis,105
Lagocephalus inermis,491
Lagocephalus guentheri,84
Arothron diadematus,26
Canthigaster ocellicincta,28
Canthigaster jamestyleri,7
Canthigaster epilampra,29
Torquigener hicksi,13
Torquigener perlevis,16
Chelonodon laticeps,53
Amblyrhynchotes honckenii,374
Canthigaster coronata,417
Ephippion guttifer,785
Sphoeroides dorsalis,299
Torquigener squamicauda,51
Sphoeroides nephelus,71
Canthigaster janthinoptera,563
Tylerius spinosissimus,120
Sphoeroides marmoratus,406
Takifugu stictonotus,6
Canthigaster solandri,556
Takifugu snyderi,1
Torquigener whitleyi,359
Tetractenos hamiltoni,179
Marilyna darwinii,13
Arothron inconditus,49
Takifugu alboplumbeus,1
Contusus richei,264
Canthigaster rostrata,2842
Canthigaster valentini,836
Canthigaster cyanospilota,5
Omegophora cyanopunctata,9
Arothron nigropunctatus,353
Arothron immaculatus,241
Takifugu pseudommus,1
Takifugu oblongus,64
Sphoeroides testudineus,345
Canthigaster tyleri,25
Arothron firmamentum,49
Hypleurochilus caudovittatus,6
Hypleurochilus multifilis,8
Scartella cristata,220
Parablennius pilicornis,245
Petroscirtes ancylodon,9
Alticus kirkii,42
Antennablennius adenensis,5
Antennablennius australis,58
Antennablennius bifilum,169
Antennablennius hypenetes,9
Antennablennius variopunctatus,26
Blenniella periophthalmus,256
Hirculops cornifer,40
Istiblennius edentulus,752
Istiblennius pox,24
Mimoblennius cirrosus,13
Parablennius opercularis,11
Parablennius thysanius,8
Pereulixia kosiensis,63
Petroscirtes mitratus,201
Plagiotremus townsendi,10
Xiphasia setifer,152
Chasmodes saburrae,84
Entomacrodus nigricans,161
Hypleurochilus bermudensis,38
Hypleurochilus springeri,9
Hypsoblennius hentz,133
Ophioblennius macclurei,376
Parablennius marmoreus,969
Archosargus pourtalesii,70
Calamus brachysomus,246
Calamus taurinus,52
Chasmodes bosquianus,62
Hypleurochilus geminatus,203
Hypleurochilus pseudoaequipinnis,7
Acanthopagrus arabicus,NA
Alloblennius anuchalis,5
Alloblennius jugularis,6
Alloblennius parvus,22
Alloblennius pictus,19
Alticus monochrus,22
Alticus montanoi,16
Alticus saliens,9
Cirripectes obscurus,7
Meiacanthus atrodorsalis,443
Plagiotremus ewaensis,230
Meiacanthus tongaensis,14
Cirripectes randalli,15
Cirripectes auritus,19
Parablennius cornutus,164
Salarias fasciatus,431
Blenniella chrysospilos,178
Cirripectes fuscoguttatus,49
Praealticus triangulus,9
Blenniella leopardus,7
Blenniella paula,106
Salarias guttatus,69
Istiblennius flaviumbrinus,6
Istiblennius bellus,50
Exallias brevis,412
Ecsenius pictus,42
Enchelyurus brunneolus,5
Meiacanthus grammistes,181
Meiacanthus limbatus,2
Enchelyurus ater,47
Ecsenius sellifer,7
Meiacanthus mossambicus,61
Aspidontus tractus,77
Omobranchus obliquus,44
Ecsenius oculatus,3
Omobranchus germaini,81
Ecsenius monoculus,32
Mimoblennius atrocinctus,14
Entomacrodus marmoratus,11
Ecsenius shirleyae,9
Omox lupus,9
Cirripectes gilberti,15
Ecsenius bimaculatus,14
Meiacanthus geminatus,4
Praealticus oortii,2
Petroscirtes variabilis,69
Petroscirtes fallax,34
Ecsenius fijiensis,63
Ecsenius paroculus,18
Entomacrodus niuafoouensis,21
Ecsenius schroederi,17
Ecsenius prooculis,25
Meiacanthus reticulatus,2
Andamia heteroptera,7
Cirripectes stigmaticus,360
Entomacrodus striatus,294
Praealticus bilineatus,46
Blenniella bilitonensis,66
Parablennius tasmanianus,351
Petroscirtes breviceps,105
Praealticus caesius,56
Enchelyurus flavipes,2
Ecsenius lubbocki,46
Ecsenius pardus,20
Xiphasia matsubarai,22
Ecsenius bandanus,16
Atrosalarias fuscus,153
Cirripectes polyzona,297
Ecsenius lividanalis,15
Meiacanthus luteus,48
Salarias patzneri,9
Parablennius cyclops,7
Ecsenius stictus,41
Meiacanthus vicinus,NA
Entomacrodus thalassinus,137
Ecsenius stigmatura,13
Istiblennius muelleri,2
Cirripectes perustus,68
Cirripectes alboapicalis,32
Ecsenius bathi,13
Ecsenius gravieri,7
Cirrisalarias bunares,24
Praealticus striatus,56
Mimoblennius rusi,17
Stanulus seychellensis,73
Meiacanthus ditrema,43
Blenniella cyanostigma,120
Petroscirtes thepassii,9
Cirripectes chelomatus,87
Cirripectes jenningsi,7
Ecsenius aequalis,24
Petroscirtes xestus,44
Omobranchus elongatus,100
Stanulus talboti,5
Praealticus tanegasimae,58
Ecsenius namiyei,70
Istiblennius lineatus,233
Petroscirtes springeri,3
Entomacrodus sealei,39
Ecsenius randalli,3
Ecsenius lineatus,53
Ecsenius midas,69
Istiblennius unicolor,60
Ecsenius tricolor,5
Ecsenius fourmanoiri,35
Praealticus natalis,NA
Aspidontus taeniatus,167
Ecsenius melarchus,10
Cirripectes imitator,37
Salarias ramosus,1
Entomacrodus lemuria,7
Mimoblennius lineathorax,7
Salarias segmentatus,67
Laiphognathus multimaculatus,64
Plagiotremus tapeinosoma,865
Meiacanthus vittatus,3
Meiacanthus nigrolineatus,14
Meiacanthus urostigma,4
Omobranchus banditus,97
Entomacrodus epalzeocheilos,19
Ecsenius bicolor,601
Plagiotremus spilistius,6
Entomacrodus decussatus,115
Plagiotremus goslinei,762
Petroscirtes lupus,165
Meiacanthus crinitus,4
Cirripectes variolosus,1125
Andamia reyi,17
Laiphognathus longispinis,NA
Rhabdoblennius nigropunctatus,1
Plagiotremus phenax,36
Entomacrodus textilis,5
Meiacanthus fraseri,13
Blenniella gibbifrons,89
Cirripectes springeri,29
Atrosalarias hosokawai,21
Cirripectes quagga,133
Blenniella interrupta,97
Enchelyurus kraussii,102
Paralticus amboinensis,4
Andamia tetradactylus,8
Istiblennius rivulatus,18
Istiblennius meleagris,132
Atrosalarias holomelas,9
Meiacanthus smithi,45
Dodekablennos fraseri,16
Ecsenius aroni,NA
Ecsenius yaeyamaensis,176
Ecsenius opsifrontalis,38
Ecsenius nalolo,238
Meiacanthus abditus,3
Scartella emarginata,125
Parablennius laticlavius,138
Parablennius lodosus,13
Ecsenius frontalis,27
Rhabdoblennius snowi,50
Litobranchus fowleri,11
Plagiotremus rhinorhynchos,483
Istiblennius dussumieri,438
Cirripectes hutchinsi,4
Rhabdoblennius nitidus,14
Blenniella caudolineata,45
Salarias obscurus,10
Ecsenius axelrodi,33
Ecsenius alleni,5
Cirripectes vanderbilti,782
Ecsenius portenoyi,30
Parablennius intermedius,70
Nannosalarias nativitatis,92
Ecsenius oculus,28
Ecsenius tessera,38
Cirripectes castaneus,522
Salarias alboguttatus,32
Entomacrodus williamsi,5
Rhabdoblennius rhabdotrachelus,26
Entomacrodus caudofasciatus,153
Salarias luctuosus,3
Aspidontus dussumieri,95
Plagiotremus laudandus,99
Ecsenius mandibularis,70
Evynnis cardinalis,64
Canthigaster petersii,NA
